"Name";"RegisteredAddress";"Type";"Date";"Year";"Province";"City";"District";"Industry";"InsuredNum";"InsuredDivision";"RegisteredCaptital";"CaptitalDivision";"Status";"FormerName";"CommunicationAddress";"TaxpayerID";"RegisterationID";"OrganizationID";"Introduction";"BusinessScope";"ListedorNot";"ListingType";"Abbreviation";"StockCode";"Products"
"北京东土科技股份有限公司";"北京市石景山区实兴大街30号院2号楼8层901";"其他股份有限公司（上市）";"2000-03-27 00:00:00";2000.0;"北京市";"北京市";"石景山区";"计算机、通信和其他电子设备制造业";"394";"大于等于1百，小于5百";"61489.2881万元人民币";"一亿（含）至五十亿";"存续";"-";"北京市石景山区实兴大街30号院西山汇2号楼9层";"911100007226014149";"110000001251761";"72260141-4";"北京东土科技股份有限公司，创业板上市企业（股票代码300353），是中国唯一专注于工业互联网技术及产业的上市公司，致力于中国工业互联网平台技术的研究，用工业互联网技术创新各行业解决方案，应用于智慧工业、智慧城市、智慧军事、智慧能源四大领域，并在四大领域做到“自主可控、技术超越”。东土科技公司是中关村工业互联网产业联盟理事长单位，是北京国科工业互联网研究院核心发起单位，是中国工业互联网核心标准的主要起草单位；先后参与和承担了三项工业自动化信息领域国际标准（IEC61158、IEC62439、IEEE C37.238），主导起草了国家标准GB/T 30094 工业以太网交换机技术规范，获得国家六项核高基专项，承担了三项国家863课题。东土科技公司的主要产品有芯片（通信、安全、总线、SDR自主网、动态加密）、工业服务器、交通服务器、边缘服务器、工业互联网操作系统/云平台、精密时钟产品、工业通信网络产品、作战指挥系统、战术互联网产品、战术通信终端等产品。东土科技公司作为中国工业互联网技术创新领导者、国际工业控制技术变革者，致力于网络化工业控制整体解决方案的研究实践，以建立互联网化的新一代工业控制体系为发展使命，主要研究方向为工业以太网通信技术、基于IPV6的宽带实时现场总线技术、基于网络控制的现场控制器技术、基于云控制的工业服务器技术以及适应网络化控制的精密时钟技术、控制数据安全可信等技术。东土科技工业互联网平台产品已广泛应用于智能电网、核电、风电、太阳能、石油化工、轨道交通、城市管廊、矿山、冶金、水务、智能交通、船舶等行业的国家重点工程和全球项目，产品获得了KEMA、CE/FCC、UL508、Class I Div 2、DNV等多项国际认证。东土科技公司高度重视客户服务和质量保证，提供专业售前和售后的技术支持；根据不同客户的不同需求，提供最佳的整体解决方案和专业技术培训；售后服务提供7×24小时的电话支持，及时响应用户现场需求；公司产品提供一年保换、五年保修的承诺。东土科技―中国工业互联网技术创新领导者、国际工业控制技术变革者。";"生产电子产品;技术开发、技术转让、技术推广、技术服务;计算机系统服务、计算机图文设计、制作;销售计算机、软件及辅助设备、电子产品;货物进出口、技术进出口、代理进出口;组织文化艺术交流活动（演出除外）;承办展览展示活动;经济信息咨询;集成电路布图设计代理服务。（市场主体依法自主选择经营项目,开展经营活动;依法须经批准的项目,经相关部门批准后依批准的内容开展经营活动;不得从事国家和本市产业政策禁止和限制类项目的经营活动。）";"是";"A股";"东土科技";"300353.SZ";"工业互联网平台产品；智慧城市产品；能源互联网产品"
"北京富吉瑞光电科技股份有限公司";"北京市顺义区空港融慧园25号楼1至5层25-4";"股份有限公司（上市、自然人投资或控股）";"2011-01-20 00:00:00";2011.0;"北京市";"北京市";"顺义区";"计算机、通信和其他电子设备制造业";"161";"大于等于1百，小于5百";"7600万元人民币";"五千万（含）至一亿";"存续";"北京富吉瑞光电科技有限公司";"北京市顺义区空港融慧园25号楼1至5层25-4";"911101085674051211";"110108013541015";"56740512-1";"北京富吉瑞光电科技股份有限公司是一家主要从事红外热成像产品和系统的研发、生产和销售,并为客户提供解决方案的高新技术企业。公司以红外热成像技术为基础,以图像处理为核心,逐步向固态微光、短波、紫外、可见光等方向拓展。公司的产品应用于军用和民用领域。在军用领域主要应用于通用军械、单兵、地面装备、空中装备和水上装备等;在民用领域主要应用于工业测温、气体检测、石油化工、电力检测、安防监控、医疗检疫和消防应急等。";"一般项目:技术服务、技术开发、技术咨询、技术交流、技术转让、技术推广;货物进出口;技术进出口;进出口代理;光电子器件制造;电子产品销售;光学仪器制造;电池制造;仪器仪表制造;电气信号设备装置制造;实验分析仪器制造;电子专用设备制造;集成电路设计;集成电路芯片及产品制造;电子元器件制造;半导体器件专用设备制造;电子专用材料制造。（除依法须经批准的项目外,凭营业执照依法自主开展经营活动）（不得从事国家和本市产业政策禁止和限制类项目的经营活动。）";"是";"科创板";"ST富吉";"688272";"制冷热成像仪；工业检测；光电系统；非制冷机芯"
"北京格灵深瞳信息技术股份有限公司";"北京市朝阳区望京东路1号1层101内1A025";"股份有限公司（港澳台投资、上市）";"2013-08-16 00:00:00";2013.0;"北京市";"北京市";"朝阳区";"软件和信息技术服务业";"233";"大于等于1百，小于5百";"25897.3147万元人民币";"一亿（含）至五十亿";"存续";"北京格灵深瞳信息技术有限公司";"北京市海淀区永泰庄北路天地邻枫创新产业园1号楼B栋";"911101050741151774";"110000450240230";"07411517-7";"格灵深瞳是一家行业领先的人工智能公司，是国内计算机视觉行业和算法技术的早期探索者和实践者，专注于将先进的计算机视觉技术和大数据分析技术与应用场景深度融合，提供面向城市管理、智慧金融、商业零售、体育健康、轨交运维等领域的人工智能产品及解决方案。公司凭借过硬的技术能力和长期的商业化经验，已成功在城市管理、智慧金融、商业零售三大领域实现成熟的落地应用，同时在体育健康、轨交运维等更多领域进行了前瞻性的布局。未来公司将继续深入行业应用场景，为各行业深度赋能。";"计算机软硬件及网络技术开发;技术咨询;技术服务;转让自有技术;应用软件服务;基础软件服务;计算机系统集成;集成电路设计;电子设备、新型电子元器件;图形图像识别和处理系统开发;销售自行开发的产品;批发机械设备、电子产品、五金交电、计算机、软件及辅助设备;批发、零售社会公共安全设备及器材;产品设计;货物进出口、技术进出口、代理进出口（涉及配额许可证管理、专项规定管理的商品按照国家有关规定办理）;计算机整机制造;计算机零部件制造;计算机外围设备制造;通信终端设备制造;智能车载设备制造;工业控制计算机及系统制造;智能无人飞行器制造;服务消费机器人制造;工业机器人制造;特殊作业机器人制造。（市场主体依法自主选择经营项目,开展经营活动;依法须经批准的项目,经相关部门批准后依批准的内容开展经营活动;不得从事国家和本市产业政策禁止和限制类项目的经营活动。）";"是";"科创板";"格灵深瞳";"688207";"AI开发平台；数据智能平台；边缘计算平台；巡检机器人；智能飞行负载系统"
"北京海兰信数据科技股份有限公司";"北京市海淀区地锦路7号院10号楼5层501";"股份有限公司（上市、自然人投资或控股）";"2001-02-14 00:00:00";2001.0;"北京市";"北京市";"海淀区";"计算机、通信和其他电子设备制造业";"106";"大于等于1百，小于5百";"72332.9103万元人民币";"一亿（含）至五十亿";"存续";"-";"北京市海淀区地锦路7号院10号楼5层501";"91110000802062000J";"110108001945979";"80206200-0";"北京海兰信数据科技股份有限公司（以下简称:海兰信）于2001年注册成立,2004年成为海军装备供应商,2010年3月在深圳证券交易所创业板上市,拥有齐全的军工资质,是国家专精特新小巨人企业。公司主要股东为创始人团队、海南国资及其他社会资本,无任何外资、外籍背景。公司成立二十余年来,一直在海洋高科技领域深耕,以海洋强国战略为引领,积极响应国家经略海洋、科技兴海号召,坚守“探索海洋、献身国防”的使命,致力于成为“全球智能航海引领者,智慧海洋中国创新实践者”。海兰信曾先后入选福布斯2018中国最具潜力企业榜单、中国上市公司协会军工委员会国防军工板块榜单。2021年公司总人数700余人,产值近10亿元。公司高度重视自主研发及创新,截至目前,公司在雷达、智能航海及智慧海洋领域形成了一系列核心自主可控的关键技术,已获得专利108项,受理中67项。2021年公司荣获国家科学技术进步二等奖。源于公司在海洋科技领域的实力,2022年公司及下属子公司被美国商务部列入实体名单。以自有关键技术为依托,公司主营业务主要包括:1、智能航海:为船舶提供综合导航装备及智能航行系统;2、海洋重大装备:构建海洋立体观测网的核心设备――海底接驳站,常压潜水系统（普通人穿上该潜水服可以下潜600米）、海洋仪器等;3、近海雷达观测网:公司投资建设了300个目标雷达站,覆盖中国整个近海30海里海域（从海南一直到辽宁）,服务近海防务与维权执法。公司建设了近100座地波雷达站,观测100海里范围的海浪、流场及风场等,服务海洋预报及海洋环境等;4、海底数据中心（UDC）:公司是继微软之后的第二家具备海底数据中心的全套技术与实施能力的企业,首个项目将在海南省陵水落地,预计年内第一期数据舱下海,舱内可容纳近800个服务器,在海南与陆地数据中心相比,节能50%,且省地、省水,数据更安全。";"技术开发、转让、咨询、服务、培训;生产船舶电子集成系统;船舶智能化系统、雷达系统及其信息应用、海洋信息化系统、海洋自动化观探测设备、海洋工程装备、无人船（艇）及其控制系统、专用装置的产品样机制造（含中试、研发、设计、营销、财务、技术服务、总部管理）;生产制造船舶智能化系统、雷达系统及其信息应用、海洋信息化系统、海洋自动化观探测设备、海洋工程装备、无人船（艇）及其控制系统、专用装置（限分支机构经营）;销售开发后的产品、通信设备、五金交电、船舶电子设备、机械设备;经营本企业自产产品的出口业务和本企业所需的机械设备、零配件、原辅材料的进口业务,但国家限定公司经营或禁止进出口的商品及技术除外;维修机械设备。（市场主体依法自主选择经营项目,开展经营活动;依法须经批准的项目,经相关部门批准后依批准的内容开展经营活动;不得从事国家和本市产业政策禁止和限制类项目的经营活动。）";"是";"A股";"海兰信";"300065.SZ";"智慧海洋产品；航海产品"
"北京合众思壮科技股份有限公司";"北京市海淀区知春路118号知春大厦1501室";"股份有限公司（上市、自然人投资或控股）";"1998-09-30 00:00:00";1998.0;"北京市";"北京市";"海淀区";"计算机、通信和其他电子设备制造业";"62";"1百以下";"74036.0305万元人民币";"一亿（含）至五十亿";"存续";"-";"北京市北京经济技术开发区科创十二街8号院1号楼13层";"91110000700145956E";"110000004566467";"70014595-6";"北京合众思壮科技股份有限公司（股票代码:002383SZ）创立于1994年,是国内较早进入卫星导航定位领域的公司之一。以“成为时空信息领域全球领先的高精度专业产品与服务提供商”为企业愿景,合众思壮专注时空信息领域,构建中国PNT新时空基准,发布了位置服务平台“中国位置”、广域差分增强服务“中国精度”和高精度时间同步应用系统“中国时间”。伴随中国卫星导航产业起步发展,合众思壮连续20余年快速发展,技术储备深厚、产业布局完备,实现了全产业链布局,拥有了从高精度核心技术、板卡部件、终端设备、解决方案到服务平台的全产业链产品与服务。合众思壮以丰富的应用经验,实现卫星导航在多种行业的应用,开拓了大量中国时空信息的应用,始终见证、推动中国卫星导航定位市场的发展,合众思壮已形成全球化业务布局和服务能力,以全球化视野进行全球资源配置,构建了以中国、美国、加拿大、意大利在内的国内、外产品研发生产与营销架构体系,业务遍布全球的100多个国家和地区。";"技术开发;技术推广;技术转让;技术咨询;技术服务;卫星导航技术培训;销售机械设备、五金交电、计算机、软件及辅助设备、电子产品、通讯设备、卫星导航产品及辅助设备;工程和技术研究与试验发展;维修仪器仪表;出租办公用房;会议服务;承办展览展示活动;计算机系统服务;货物进出口、技术进出口;软件开发。（市场主体依法自主选择经营项目,开展经营活动;依法须经批准的项目,经相关部门批准后依批准的内容开展经营活动;不得从事国家和本市产业政策禁止和限制类项目的经营活动。）";"是";"A股";"合众思壮";"002383";"先进部件；机械控制；高精度仪器；移动手持终端；精准农业；时空数据"
"北京华力创通科技股份有限公司";"北京市海淀区东北旺西路8号院乙18号楼";"股份有限公司（上市、自然人投资或控股）";"2001-06-01 00:00:00";2001.0;"北京市";"北京市";"海淀区";"计算机、通信和其他电子设备制造业";"423";"大于等于1百，小于5百";"66267.5236万元人民币";"一亿（含）至五十亿";"存续";"北京华力创通科技有限公司";"北京市海淀区东北旺西路8号院乙18号楼";"91110000802098193D";"110108002730730";"80209819-3";"北京华力创通科技股份有限公司（简称“华力创通”），是注册于中关村科技园区的高新技术和“双软”认证企业。公司于2010年1月在深圳证券交易所正式挂牌上市，股票代码：300045。公司拥有卫星导航、信号处理、仿真测试和天线技术四个产品部及控股子公司“北京华力天星科技有限公司”。专注于从事卫星导航、雷达、卫星通信；飞机、兵器等复杂机电行业的嵌入式系统；军队信息化建设和仿真模拟训练等技术和产品的研发、生产和销售业务。公司主要产品包括北斗卫星导航芯片和用户机、应用模块及配套模拟测试设备；导航和通讯天线；雷达和通信系统嵌入式模块、模拟测试设备；复杂机电系统的计算机仿真测试平台；计算机仿真应用开发服务等。应用领域涉及航空、航天、兵器、国防电子、核工业等军队及国防工业和能源、电力、汽车、高速列车、通信设备等民用高科技行业。公司一贯重视自主技术创新，已经形成了“以自主创新求成长，以成长促自主创新”的业务发展模式。公司在研发机构设立、研发队伍建设、研发资金投入等多方面建立了保持技术创新的长效机制，为公司具备持续技术创新能力提供了坚固的保障。经过长期的发展和积累，公司在卫星导航仿真测试、卫星导航芯片和接收机开发、导航和通讯天线开发、半实物仿真测试、射频仿真测试、仿真应用开发服务等方向和应用领域积累了雄厚的核心技术和研发能力，公司对研发成果具有完全的自主知识产权!公司通过坚持自主技术创新战略、坚持“通用产品+定制服务”的产品开发策略。";"橡胶、特种车辆、电子信息系统和产品技术开发;技术推广;技术转让;技术咨询;技术服务;技术培训;技术中介服务;货物进出口;技术进出口;代理进出口;研发和委托加工卫星导航和卫星移动通信设备、惯性导航设备、农机自动驾驶仪、仪器仪表、光纤通道设备、红外热成像仪器、光学仪器设备、光电设备及电子产品;销售自产产品、计算机、软件及辅助设备、卫星导航和卫星移动通信设备、惯性导航设备、农机自动驾驶仪、仪器仪表、光纤通道设备、红外热成像仪器、光学仪器设备、光电设备、电子产品、电子元器件、通讯设备、无人机及零配件、机械设备;计算机系统集成;应用软件服务;出租办公用房;会议服务;承办展览展示活动;委托加工雷达及配套设备;信息系统集成服务;机动车维修;通讯设备维修;航空航天器制造;通信系统设备制造;通信终端设备制造;雷达及配套设备制造;智能无人飞行器制造;电子元件制造;电子设备制造;导航、测绘、气象及海洋专用仪器制造;电气设备修理;集成电路制造;建筑劳务分包;房屋建筑和市政基础设施项目工程总承包;建筑智能化工程施工。（市场主体依法自主选择经营项目,开展经营活动;房屋建筑和市政基础设施项目工程总承包、建筑智能化工程施工、建筑劳务分包以及依法须经批准的项目,经相关部门批准后依批准的内容开展经营活动;不得从事国家和本市产业政策禁止和限制类项目的经营活动。）";"是";"A股
";"华力创通";"300045.SZ";"卫星应用；雷达信号处理；仿真测试；无人系统"
"北京安怀信科技股份有限公司";"北京市石景山区实兴大街30号院3号楼八层8112房间";"股份有限公司（非上市、自然人投资或控股）";"2012-08-22 00:00:00";2012.0;"北京市";"北京市";"石景山区";"科技推广和应用服务业";"60";"1百以下";"1378.8396万人民币";"一千万（含）至五千万";"存续";"北京安怀信科技有限公司";"北京市朝阳区东亿传媒产业园C12号楼6层";"91110107053624001L";"05362400-1";"05362400-1";"北京安怀信科技股份有限公司 （曾用名：北京安怀信科技有限公司） ，成立于2012年，位于北京市，是一家以从事科技推广和应用服务业为主的企业。企业注册资本1378.8396万人民币，超过了92%的北京市同行，实缴资本1378.8396万人民币，并已于2021年完成了A轮。";"技术开发、技术服务、技术咨询、技术转让；计算机系统服务；数据处理；基础软件服务；应用软件服务；货物进出口、技术进出口、代理进出口；销售计算机、软件及辅助设备；计算机系统服务。（市场主体依法自主选择经营项目，开展经营活动；依法须经批准的项目，经相关部门批准后依批准的内容开展经营活动；不得从事国家和本市产业政策禁止和限制类项目的经营活动。）";"否";"-";"安怀信";"-";"协同管控平台；设计工艺性检查工具；产品分析"
"北京北斗星通导航技术股份有限公司";"北京市海淀区丰贤东路7号北斗星通大厦南楼二层";"其他股份有限公司（上市）";"2000-09-25 00:00:00";2000.0;"北京市";"北京市";"海淀区";"研究和试验发展";"421";"大于等于1百，小于5百";"54353.2558万人民币";"一亿（含）至五十亿";"存续";"-";"北京市海淀区丰贤东路7号";"91110000802017541K";"80201754-1";"80201754-1";"北京北斗星通导航技术股份有限公司，成立于2000年，北斗星通成员，位于北京市，是一家以从事研究和试验发展为主的企业。企业注册资本54353.2558万人民币，超过了99%的北京市同行，并已于2023年完成了定向增发，交易金额9.31亿人民币。";"开发导航定位应用系统及软硬件产品、基于位置的信息系统、地理信息系统和产品、遥感信息系统和产品、通信系统和产品、计算机软硬件系统和产品、自动控制系统和产品、组合导航系统和产品；生产和销售开发后的产品；基于位置的信息系统的系统集成、施工、技术服务；货物进出口、技术进出口、代理进出口；技术检测；技术开发；出租办公用房；出租商业用房；物业管理。（市场主体依法自主选择经营项目，开展经营活动；依法须经批准的项目，经相关部门批准后依批准的内容开展经营活动；不得从事国家和本市产业政策禁止和限制类项目的经营活动。）";"是";"A股
";"北斗星通";"002151";"芯片与数据服务；导航定位产品；微波陶瓷器件"
"北京壁仞科技开发有限公司";"北京市朝阳区望京东园四区13号楼-4至33层101内10层201室";"有限责任公司（外商投资企业法人独资）";"2020-09-23 00:00:00";2020.0;"北京市";"北京市";"朝阳区";"软件和信息技术服务业";"57";"1百以下";"5000万人民币";"五千万（含）至一亿";"存续";"-";"北京市朝阳区望京东园四区13号楼―4至33层101 内9层201室";"91110108MA01W6Q04M";"MA01W6Q0-4";"MA01W6Q0-4";"北京壁仞科技开发有限公司，成立于2020年，位于北京市，是一家以从事软件和信息技术服务业为主的企业。企业注册资本5000万人民币，超过了92%的北京市同行，实缴资本5000万人民币。";"一般项目：软件开发；计算机系统服务；网络技术服务；信息技术咨询服务；信息系统集成服务；智能控制系统集成；集成电路设计；集成电路芯片设计及服务；集成电路芯片及产品销售；物联网技术服务；人工智能公共服务平台技术咨询服务；人工智能行业应用系统集成服务；人工智能基础资源与技术平台；软件销售；技术服务、技术开发、技术咨询、技术交流、技术转让、技术推广；计算机软硬件及辅助设备批发；计算机软硬件及辅助设备零售；科技中介服务；信息咨询服务（不含许可类信息咨询服务）；货物进出口；技术进出口。（除依法须经批准的项目外，凭营业执照依法自主开展经营活动）（不得从事国家和本市产业政策禁止和限制类项目的经营活动。）";"否";"-";"北京壁仞";"-";"GPU芯片；软件开发平台"
"北京雷科防务科技股份有限公司";"北京市海淀区西三环北路甲2号院5号楼6层19室";"其他股份有限公司（上市）";"2002-12-11 00:00:00";2002.0;"北京市";"北京市";"海淀区";"计算机、通信和其他电子设备制造业";"2";"10以下";"131698.9628万人民币";"一亿（含）至五十亿";"存续";"江苏常发制冷股份有限公司，江苏雷科防务科技股份有限公司";"北京市海淀区远大南街鲁迅文化园5号楼3层";"91320400745550891Q";"74555089-1";"74555089-1";"北京雷科防务科技股份有限公司 （曾用名：江苏雷科防务科技股份有限公司） ，成立于2002年，雷科防务成员，位于北京市，是一家以从事计算机、通信和其他电子设备制造业为主的企业。企业注册资本131698.9628万人民币，超过了98%的北京市同行，实缴资本6500万人民币，并已于2019年完成了股权融资。";"一般项目：技术服务、技术开发、技术咨询、技术交流、技术转让、技术推广；雷达及配套设备制造；工业控制计算机及系统制造；工业控制计算机及系统销售；电子测量仪器制造；电子测量仪器销售；计算机软硬件及外围设备制造；计算机系统服务；企业管理；进出口代理；技术进出口；货物进出口；智能家庭消费设备制造；智能家庭消费设备销售。（除依法须经批准的项目外，凭营业执照依法自主开展经营活动）（不得从事国家和本市产业政策禁止和限制类项目的经营活动。）";"是";"A股";"雷科防务";"002413";"雷达系统；智能控制；卫星应用；安全存储；智能网联"
"北京摩诘创新科技股份有限公司";"北京市海淀区宝盛南路1号院14号楼1层101房间";"股份有限公司（非上市、自然人投资或控股）";"2006-08-04 00:00:00";2006.0;"北京市";"北京市";"海淀区";"科技推广和应用服务业";"134";"大于等于1百，小于5百";"9912.6048万人民币";"五千万（含）至一亿";"存续";"北京摩诘创新科技有限公司";"北京市丰台区五圈南路海格通信产业园科研楼A座3层";"911101087921081158";"79210811-5";"79210811-5";"北京摩诘创新科技股份有限公司 （曾用名：北京摩诘创新科技有限公司） ，成立于2006年，广州数字科技集团成员，位于北京市，是一家以从事科技推广和应用服务业为主的企业。企业注册资本9912.6048万人民币，超过了98%的北京市同行，实缴资本9912.6048万人民币，并已于2020年完成了定向增发。";"一般项目：技术服务、技术开发、技术咨询、技术交流、技术转让、技术推广；计算机系统服务；信息系统集成服务；信息系统运行维护服务；专业设计服务；工业设计服务；工业工程设计服务；数字内容制作服务（不含出版发行）；工程和技术研究和试验发展；软件开发；工业机器人制造；工业自动控制系统装置制造；试验机制造；游艺用品及室内游艺器材制造；普通露天游乐场所游乐设备制造（不含大型游乐设施）；智能无人飞行器制造；可穿戴智能设备制造；虚拟现实设备制造；电动机制造；电子产品销售；工业控制计算机及系统销售；可穿戴智能设备销售；工业机器人销售；仪器仪表修理；电气设备修理；专用设备修理；体育竞赛组织；货物进出口；技术进出口；进出口代理。（除依法须经批准的项目外，凭营业执照依法自主开展经营活动）许可项目：民用航空器零部件设计和生产；通用航空服务。（依法须经批准的项目，经相关部门批准后方可开展经营活动，具体经营项目以相关部门批准文件或许可证件为准）（不得从事国家和本市产业政策禁止和限制类项目的经营活动。）";"是";"A股";"摩诘创新";"836008";"飞行模拟器；机务模拟器；国防车辆模拟器；电动运动平台；视景系统"
"北京瑞达康科技有限公司";"北京市海淀区清河小营路后屯村东院内综合楼三层301室";"有限责任公司（自然人投资或控股）";"2011-03-02 00:00:00";2011.0;"北京市";"北京市";"海淀区";"科技推广和应用服务业";"2";"10以下";"50万人民币";"一百万以下";"存续";"-";"北京市海淀区清河小营后屯村东升锅炉厂内综合楼3层";"911101085694647077";"56946470-7";"56946470-7";"北京瑞达康科技有限公司，成立于2011年，位于北京市，是一家以从事科技推广和应用服务业为主的企业。企业注册资本50万人民币，超过了18%的北京市同行，实缴资本50万人民币。";"生产开关电源；技术开发、技术转让、技术咨询、技术服务；销售电子产品、器件和元件、五金、交电、家用电器、计算机、软件及辅助设备、通讯设备。（依法须经批准的项目，经相关部门批准后依批准的内容开展经营活动。）";"否";"-";"瑞达康";"-";"模块电源"
"北京天海达科技有限公司";"北京市海淀区丰德东路9号院2号楼四层4038";"有限责任公司（法人独资）";"2016-07-15 00:00:00";2016.0;"北京市";"北京市";"海淀区";"科技推广和应用服务业";"38";"1百以下";"1044万人民币";"一千万（含）至五千万";"存续";"北京中网星图科技有限公司";"北京市海淀区丰德东路9号院2号楼四层4038";"91110108MA006XXH9C";"MA006XXH-9";"MA006XXH-9";"北京天海达科技有限公司 （曾用名：北京中网星图科技有限公司） ，成立于2016年，位于北京市，是一家以从事科技推广和应用服务业为主的企业。企业注册资本1044万人民币，超过了91%的北京市同行，实缴资本1044万人民币。";"一般项目：技术服务、技术开发、技术咨询、技术交流、技术转让、技术推广；卫星移动通信终端制造；导航终端制造；通信设备制造；导航、测绘、气象及海洋专用仪器制造；卫星技术综合应用系统集成；软件开发；通用零部件制造；通讯设备修理；电子、机械设备维护（不含特种设备）；信息技术咨询服务；货物进出口；技术进出口；进出口代理；数据处理服务；工业设计服务；计算机系统服务；移动通信设备销售；移动终端设备销售；卫星移动通信终端销售；通讯设备销售；电子产品销售；信息系统集成服务；集成电路设计。（除依法须经批准的项目外，凭营业执照依法自主开展经营活动）（不得从事国家和本市产业政策禁止和限制类项目的经营活动。）";"否";"-";"天海达";"-";"短报文卫星通信终端；高精度定位终端；时频终端；天线"
"北京中商鼎盛机电设备有限公司";"北京市北京经济技术开发区（通州）融商四路20号院13号楼6层701";"有限责任公司（自然人投资或控股）";"2004-03-05 00:00:00";2004.0;"北京市";"北京市";"海淀区";"批发业";"20";"1百以下";"1212万人民币";"一千万（含）至五千万";"存续";"-";"北京大兴区经济技术开发区科创十三街29号院1区3号楼1301";"91110108759614024B";"75961402-4";"75961402-4";"北京中商鼎盛机电设备有限公司，成立于2004年，位于北京市，是一家以从事批发业为主的企业。企业注册资本1212万人民币，超过了94%的北京市同行，实缴资本1212万人民币。";"一般项目：电气设备销售；机械设备销售；电子产品销售；第一类医疗器械销售；第二类医疗器械销售；安防设备制造；安防设备销售；信息安全设备销售；信息安全设备制造；专用设备制造（不含许可类专业设备制造）；计算机软硬件及辅助设备零售；计算机软硬件及辅助设备批发；货物进出口；技术进出口；进出口代理；光电子器件销售；光学仪器销售；智能机器人销售；智能机器人的研发；技术服务、技术开发、技术咨询、技术交流、技术转让、技术推广；消毒剂销售（不含危险化学品）；日用品销售；化工产品销售（不含许可类化工产品）；智能无人飞行器制造；特种设备销售；仪器仪表制造；仪器仪表销售。（除依法须经批准的项目外，凭营业执照依法自主开展经营活动）许可项目：第三类医疗器械经营。（依法须经批准的项目，经相关部门批准后方可开展经营活动，具体经营项目以相关部门批准文件或许可证件为准）（不得从事国家和本市产业政策禁止和限制类项目的经营活动。）";"否";"-";"中商鼎盛";"-";"热成像仪；瞄准镜；夜视仪；定位测距仪；光电吊舱；望远镜"
"超燃半导体（南京）有限公司";"南京市浦口区桥林街道兰花路8号4栋806";"有限责任公司（自然人投资或控股）";"2022-01-11 00:00:00";2022.0;"江苏省";"南京市";"浦口区";"计算机、通信和其他电子设备制造业";"12";"1百以下";"138.7663万人民币";"一百万（含）至五百万";"存续";"-";"南京市浦口区桥林街道兰花路8号4栋806";"91320111MA7GTJ2077";"MA7GTJ20-7";"MA7GTJ20-7";"超燃半导体（南京）有限公司，成立于2022年，位于江苏省南京市，是一家以从事计算机、通信和其他电子设备制造业为主的企业。企业注册资本138.7663万人民币，超过了50%的江苏省同行，实缴资本38.7664万人民币，并已于2023年完成了Pre-A轮。";"一般项目：半导体器件专用设备销售；半导体分立器件销售；集成电路销售；集成电路芯片及产品销售；集成电路设计；集成电路芯片设计及服务；电力电子元器件制造；电力电子元器件销售；软件开发；软件销售；计算机软硬件及辅助设备批发；电子产品销售；通讯设备销售；五金产品零售；橡胶制品销售；市场营销策划；技术服务、技术开发、技术咨询、技术交流、技术转让、技术推广（除依法须经批准的项目外，凭营业执照依法自主开展经营活动）";"否";"-";"超燃半导体";"-";"高速数字连接处理器；IP服务"
"成都北展电子有限公司";"成都市青羊区日月大道一段978号3栋1单元7层730号";"有限责任公司（自然人投资或控股）";"2006-12-07 00:00:00";2006.0;"四川省";"成都市";"青羊区";"研究和试验发展";"12";"1百以下";"50万人民币";"一百万以下";"存续";"-";"成都市青羊区日月大道一段978号3栋1单元7层730号";"91510105794932482K";"79493248-2";"79493248-2";"成都北展电子有限公司，成立于2006年，位于四川省成都市，是一家以从事研究和试验发展为主的企业。企业注册资本50万人民币，超过了13%的四川省同行，实缴资本50万人民币。";"电子产品的研究、开发及销售；销售：通讯设备（不含无线电设备）、计算机软硬件、仪表仪器、化工原料及产品（不含化学危险品）、钢材、建筑材料、润滑油。 （依法须经批准的项目，经相关部门批准后方可开展经营活动）。";"否";"-";"北展电子";"-";"电子器件"
"成都华日通讯技术股份有限公司";"成都市武侯区武侯新城管委会武兴四路130号";"其他股份有限公司（非上市）";"2003-03-26 00:00:00";2003.0;"四川省";"成都市";"武侯区";"软件和信息技术服务业";"429";"大于等于1百，小于5百";"5100万人民币";"五千万（含）至一亿";"存续";"成都华日通讯技术有限公司";"成都市武侯区武侯新城管委会武兴四路130号";"91510107746428302B";"74642830-2";"74642830-2";"成都华日通讯技术股份有限公司 （曾用名：成都华日通讯技术有限公司） ，成立于2003年，成都华讯创享成员，位于四川省成都市，是一家以从事软件和信息技术服务业为主的企业。企业注册资本5100万人民币，超过了99%的四川省同行，实缴资本5100万人民币，并已于2013年完成了战略融资。";"一般项目：信息系统集成服务；信息系统运行维护服务；通信设备制造；仪器仪表制造；计算机软硬件及外围设备制造；电子测量仪器制造；软件开发；工程和技术研究和试验发展；自然科学研究和试验发展；电子产品销售；通信设备销售；仪器仪表销售；电子测量仪器销售；软件销售；电子元器件批发；电子元器件零售；电子元器件制造；汽车新车销售；汽车租赁；计算机软硬件及辅助设备批发；计算机软硬件及辅助设备零售；计算机系统服务；信息技术咨询服务；软件外包服务；仪器仪表修理；通讯设备修理；雷达、无线电导航设备专业修理；计算机及办公设备维修；住房租赁；非居住房地产租赁；信息安全设备制造；信息安全设备销售；网络与信息安全软件开发；集成电路芯片及产品制造；集成电路芯片及产品销售；移动终端设备销售；卫星移动通信终端销售；移动通信设备销售；广播电视传输设备销售；终端计量设备制造；互联网设备制造；物联网设备制造；通讯设备销售；云计算设备制造；网络设备销售；云计算设备销售；物联网设备销售；互联网设备销售；雷达及配套设备制造；铁路运输基础设备销售（除依法须经批准的项目外，凭营业执照依法自主开展经营活动）。许可项目：铁路运输基础设备制造；各类工程建设活动；建筑智能化工程施工（依法须经批准的项目，经相关部门批准后方可开展经营活动，具体经营项目以相关部门批准文件或许可证件为准）。";"否";"-";"华日通讯";"-";"频谱管理产品；无人机反制产品；卫星导航；技术侦察及电子对抗；平台及大数据"
"成都纵横自动化技术股份有限公司";"中国（四川）自由贸易试验区成都高新区天府五街200号6号楼A区7楼";"股份有限公司（上市、自然人投资或控股）";"2010-04-08 00:00:00";2010.0;"-";"-";"成都高新区";"研究和试验发展";"152";"大于等于1百，小于5百";"8758万人民币";"五千万（含）至一亿";"存续";"成都纵横自动化技术有限公司";"中国（四川）自由贸易试验区成都高新区大府五街200号6号楼A区7楼";"915101005535556718";"55355567-1";"55355567-1";"成都纵横自动化技术股份有限公司 （曾用名：成都纵横自动化技术有限公司） ，成立于2010年，纵横股份成员，位于四川省成都市，是一家以从事研究和试验发展为主的企业。企业注册资本8758万人民币，实缴资本6587.21万人民币，并已于2021年完成了定向增发。";"研发、生产（另设分支机构或另择经营场地经营）、销售电子产品、无人机、航空器、航空设备及零配件（不含发动机及螺旋桨）；研发、销售工业自动化控制设备、机械设备、软件并提供技术开发、技术咨询、技术转让、技术服务；货物及技术进出口。（依法须经批准的项目，经相关部门批准后方可开展经营活动）。";"是";"科创板";"纵横股份";"688070";"无人机系统；载荷设备；软件产品；纵横服务"
"福建火炬电子科技股份有限公司";"泉州市鲤城区江南高新技术电子信息园区紫华路4号";"股份有限公司（上市、自然人投资或控股）";"2007-12-20 00:00:00";2007.0;"福建省";"泉州市";"鲤城区";"计算机、通信和其他电子设备制造业";"961";"大于等于5百，小于1千";"45833.9154万人民币";"一亿（含）至五十亿";"存续";"泉州市鲤城火炬电子元件厂，泉州市火炬电子元件厂";"泉州市鲤城区江南高新技术电子信息园区紫华路4号";"913500001562023628";"15620236-2";"15620236-2";"福建火炬电子科技股份有限公司 （曾用名：泉州市火炬电子元件厂） ，成立于2007年，火炬电子成员，位于福建省泉州市，是一家以从事计算机、通信和其他电子设备制造业为主的企业。企业注册资本45833.9154万人民币，超过了99%的福建省同行，实缴资本12480万人民币，并已于2020年完成了定向增发。";"一般项目：电子元器件制造；电子元器件批发；电子元器件零售；电子专用材料研发；电子专用材料制造；电子专用材料销售；货物进出口；技术服务、技术开发、技术咨询、技术交流、技术转让、技术推广。（除依法须经批准的项目外，凭营业执照依法自主开展经营活动）";"是";"A股";"火炬电子";"603678";"电容器"
"福瑞达（黑龙江）供应链管理有限公司";"哈尔滨市香坊区幸福镇保税三路1号";"有限责任公司（自然人独资）";"2021-07-14 00:00:00";2021.0;"黑龙江省";"哈尔滨市";"香坊区";"商务服务业";"0";"0";"1000万人民币";"一千万（含）至五千万";"存续";"-";"哈尔滨市香坊区幸福镇保税三路1号";"91230109MA1CNM0139";"MA1CNM01-3";"MA1CNM01-3";"福瑞达（黑龙江）供应链管理有限公司，成立于2021年，位于黑龙江省哈尔滨市，是一家以从事商务服务业为主的企业。企业注册资本1000万人民币，超过了90%的黑龙江省同行。";"一般项目：会议及展览服务；企业管理；国内贸易代理；国内货物运输代理；商务代理代办服务；信息系统集成服务；信息技术咨询服务；工程管理服务；供应链管理服务；第一类医疗器械销售；第二类医疗器械销售；医用口罩批发；日用口罩（非医用）销售；医护人员防护用品批发；煤炭及制品销售；木材销售；办公设备销售；办公设备耗材销售；机械设备租赁；机械设备销售；五金产品批发；五金产品零售；电子产品销售；普通货物仓储服务（不含危险化学品等需许可审批的项目）；装卸搬运；化妆品批发；化妆品零售；厨具卫具及日用杂品批发；日用百货销售；母婴用品销售；针纺织品销售；针纺织品及原料销售；建筑装饰材料销售；家用电器销售；服装服饰批发；服装服饰零售；鞋帽批发；鞋帽零售；国际货物运输代理；农业机械销售；农业机械服务许可项目：货物进出口；技术进出口；进出口代理；各类工程建设活动；施工专业作业；道路货物运输（不含危险货物）；第三类医疗器械经营；食品经营；海关监管货物仓储服务（不含危险化学品）；公共铁路运输";"否";"-";"福瑞达";"-";"供应链管理"
"光线云（杭州）科技有限公司";"浙江省仓前街道海智中心4幢10楼1001室";"有限责任公司（自然人投资或控股）";"2021-04-23 00:00:00";2021.0;"浙江省";"杭州市";"余杭区";"软件和信息技术服务业";"70";"1百以下";"164.4286万人民币";"一百万（含）至五百万";"存续";"-";"浙江省杭州市余杭区仓前街道海智中心4幢10楼1001室";"91330110MA2KFQ3K4U";"MA2KFQ3K-4";"MA2KFQ3K-4";"光线云（杭州）科技有限公司，成立于2021年，光线云成员，位于浙江省杭州市，是一家以从事软件和信息技术服务业为主的企业。企业注册资本164.4286万人民币，超过了67%的浙江省同行，实缴资本65.1773万人民币，并已于2023年完成了A轮。";"一般项目：软件开发；数字文化创意软件开发；软件销售；计算机软硬件及辅助设备零售；互联网数据服务；云计算设备销售（除依法须经批准的项目外，凭营业执照依法自主开展经营活动）。";"否";"-";"光线云";"-";"数字资产管理协同工具；渲染性能优化工具；3D编辑器工具"
"广州壁仞集成电路有限公司";"广州市黄埔区（中新广州知识城）亿创街1号406房之1061";"有限责任公司（外商投资企业法人独资）";"2023-09-26 00:00:00";2023.0;"广东省";"广州市";"黄埔区";"批发业";"0";"0";"2000万人民币";"一千万（含）至五千万";"存续";"-";"广州市黄埔区（中新广州知识城）亿创街1号406房之1061";"91440112MACXBP7T9J";"MACXBP7T-9";"MACXBP7T-9";"广州壁仞集成电路有限公司，成立于2023年，位于广东省广州市，是一家以从事批发业为主的企业。企业注册资本2000万人民币，超过了98%的广东省同行。";"集成电路芯片及产品销售;软件销售;计算机软硬件及辅助设备批发;集成电路芯片设计及服务;集成电路设计;人工智能行业应用系统集成服务;智能控制系统集成;软件开发;信息系统集成服务;非居住房地产租赁;国内贸易代理;信息技术咨询服务;计算机系统服务;;进出口代理;技术进出口;货物进出口;";"否";"-";"广州壁仞电路";"-";"GPU芯片；软件开发平台"
"广州海格通信集团股份有限公司";"广州市高新技术产业开发区科学城海云路88号";"股份有限公司（上市、国有控股）";"2000-07-20 00:00:00";2000.0;"广东省";"广州市";"-";"研究和试验发展";"1879";"大于等于1千，小于5千";"248183.3948万人民币";"一亿（含）至五十亿";"存续";"广州海格通信有限公司，广州海格通信产业集团有限公司";"广州市高新技术产业开发区科学城海云路88号";"91440101724308182L";"72430818-2";"72430818-2";"广州海格通信集团股份有限公司 （曾用名：广州海格通信产业集团有限公司） ，成立于2000年，广州数字科技集团成员，位于广东省广州市，是一家以从事研究和试验发展为主的企业。企业注册资本248183.3948万人民币，超过了99%的广东省同行，实缴资本506.862万人民币，并已于2016年完成了定向增发。";"通信设备制造;通信设备销售;技术服务、技术开发、技术咨询、技术交流、技术转让、技术推广;工程和技术研究和试验发展;软件开发;软件销售;电子元器件制造;电子元器件零售;电子产品销售;安全技术防范系统设计施工服务;信息安全设备制造;信息系统集成服务;卫星技术综合应用系统集成;卫星移动通信终端销售;卫星移动通信终端制造;卫星通信服务;环境监测专用仪器仪表制造;导航、测绘、气象及海洋专用仪器制造;雷达及配套设备制造;雷达、无线电导航设备专业修理;地理遥感信息服务;人工智能理论与算法软件开发;工业机器人制造;物联网技术研发;物联网技术服务;物联网应用服务;智能机器人的研发;智能机器人销售;智能无人飞行器制造;智能无人飞行器销售;信息技术咨询服务;销售代理;住房租赁;智能车载设备制造;智能车载设备销售;太赫兹检测技术研发;特种劳动防护用品生产;可穿戴智能设备销售;可穿戴智能设备制造;技术进出口;货物进出口;光通信设备制造;光通信设备销售;卫星遥感应用系统集成;卫星导航服务;导航终端制造;导航终端销售;网络设备制造;网络设备销售;工业互联网数据服务;卫星遥感数据处理;卫星导航多模增强应用服务系统集成;电气安装服务;道路机动车辆生产";"是";"A股";"海格通信";"002465";"无线通信；北斗导航；航空航天；数智生态"
"广州慕能电子科技有限公司";"广州市白云区棠景街机场路585号8楼1507";"有限责任公司（自然人投资或控股）";"2018-07-04 00:00:00";2018.0;"广东省";"广州市";"白云区";"研究和试验发展";"2";"10以下";"500万人民币";"五百万（含）至一千万";"存续";"-";"广州市白云区棠景街机场路585号8楼1507";"91440101MA5AYMAY2C";"MA5AYMAY-2";"MA5AYMAY-2";"广州慕能电子科技有限公司，成立于2018年，位于广东省广州市，是一家以从事研究和试验发展为主的企业。企业注册资本500万人民币，超过了70%的广东省同行。";"网络技术服务;配电开关控制设备研发;配电开关控制设备销售;配电开关控制设备制造;计算机软硬件及外围设备制造;计算机软硬件及辅助设备批发;计算机软硬件及辅助设备零售;电子产品销售;技术服务、技术开发、技术咨询、技术交流、技术转让、技术推广;工程和技术研究和试验发展;电气设备销售;智能机器人的研发;电力电子元器件制造;电力电子元器件销售;软件开发;五金产品批发;五金产品零售;国内贸易代理;";"否";"-";"慕能电子";"-";"输出电源；输入电源"
"桂林阿尔法橡塑科技有限公司";"桂林市七星区会仙路11-1号万灵・润园6栋2室";"有限责任公司（自然人投资或控股）";"2006-07-11 00:00:00";2006.0;"广西壮族自治区";"桂林市";"七星区";"橡胶和塑料制品业";"3";"10以下";"1000万人民币";"一千万（含）至五千万";"注销（2023-04-13）";"-";"桂林市七星区会仙路11-1号万灵.润园6栋2号";"91450305791301394Q";"79130139-4";"79130139-4";"桂林阿尔法橡塑科技有限公司，成立于2006年，位于广西壮族自治区桂林市，是一家以从事橡胶和塑料制品业为主的企业。企业注册资本1000万人民币，实缴资本50万人民币。";"高分子材料密封、耐磨、防震、缓冲制品及相关设备的开发、生产、销售和技术服务。（依法须经批准的项目，经相关部门批准后方可开展经营活动。）";"否";"-";"阿尔法橡塑";"-";"高分子材料"
"海光信息技术股份有限公司";"天津华苑产业区海泰西路18号北2-204工业孵化-3-8";"股份有限公司（上市）";"2014-10-24 00:00:00";2014.0;"天津市";"天津市";"南开区";"软件和信息技术服务业";"80";"1百以下";"232433.8091万人民币";"一亿（含）至五十亿";"存续";"天津海光先进技术投资有限公司，海光信息技术有限公司";"天津华苑产业区海泰西路18号北2-204工业孵化-3-8";"911201163004788158";"30047881-5";"30047881-5";"海光信息技术股份有限公司 （曾用名：海光信息技术有限公司） ，成立于2014年，北京中科算源成员，位于天津市，是一家以从事软件和信息技术服务业为主的企业。企业注册资本232433.8091万人民币，超过了99%的天津市同行，并已于2023年完成了定向增发。";"集成电路、电子信息、软件技术开发、咨询、服务、转让；批发和零售业；计算机系统集成；物业管理；货物及技术进出口业务。（依法须经批准的项目，经相关部门批准后方可开展经营活动）";"是";"科创板";"海光信息";"688041";"CPU；深度计算器"
"杭州壁仞科技开发有限公司";"浙江省杭州市滨江区西兴街道海威商务中心3幢2801-1室";"有限责任公司（外商投资企业法人独资）";"2021-05-14 00:00:00";2021.0;"浙江省";"杭州市";"滨江区";"科技推广和应用服务业";"61";"1百以下";"2000万人民币";"一千万（含）至五千万";"存续";"-";"浙江省杭州市滨江区西兴街道海威商务中心3幢2801-1室";"91330108MA2KGAQ5XQ";"MA2KGAQ5-X";"MA2KGAQ5-X";"杭州壁仞科技开发有限公司，成立于2021年，位于浙江省杭州市，是一家以从事科技推广和应用服务业为主的企业。企业注册资本2000万人民币，超过了94%的浙江省同行，实缴资本2000万人民币。";"一般项目：技术服务、技术开发、技术咨询、技术交流、技术转让、技术推广；工程和技术研究和试验发展；软件开发；计算机系统服务；信息系统集成服务；集成电路芯片设计及服务；人工智能基础软件开发；人工智能应用软件开发；人工智能行业应用系统集成服务；人工智能基础资源与技术平台；网络技术服务；信息技术咨询服务；采购代理服务；商务代理代办服务；信息咨询服务（不含许可类信息咨询服务）；计算机软硬件及辅助设备批发；软件销售（除依法须经批准的项目外，凭营业执照依法自主开展经营活动）。许可项目：货物进出口；技术进出口；进出口代理（依法须经批准的项目，经相关部门批准后方可开展经营活动，具体经营项目以审批结果为准）。";"否";"-";"杭州壁仞";"-";"GPU芯片；软件开发平台"
"杭州富阳科拓机械有限公司";"杭州富阳区富春街道金平路19号1205室";"有限责任公司（自然人投资或控股）";"2008-03-03 00:00:00";2008.0;"浙江省";"杭州市";"富阳区";"批发业";"5";"10以下";"50万人民币";"一百万以下";"注销（2024-08-15）";"富阳市科拓机械有限公司，富阳市科拓贸易有限公司";"杭州富阳区富春街道金平路19号1205室";"91330183670628905E";"67062890-5";"67062890-5";"杭州富阳科拓机械有限公司 （曾用名：富阳市科拓机械有限公司） ，成立于2008年，位于浙江省杭州市，是一家以从事批发业为主的企业。企业注册资本50万人民币，超过了37%的浙江省同行，实缴资本50万人民币。";"起重机械、五金制品、纸、工艺品销售；货物进出口（法律、行政法规禁止经营的项目除外，法律、行政法规限制经营的项目取得许可证后方可经营）。**";"否";"-";"富阳科拓";"-";"起重机械；五金制品"
"杭州海康威视数字技术股份有限公司";"浙江省杭州市滨江区阡陌路555号";"股份有限公司（港澳台投资、上市）";"2001-11-30 00:00:00";2001.0;"浙江省";"杭州市";"滨江区";"计算机、通信和其他电子设备制造业";"13532";"大于等于1万，小于5万";"923319.8326万人民币";"五十亿（含）至一百亿";"存续";"杭州海康威视数字技术有限公司";"浙江省杭州市滨江区阡陌路555号";"91330000733796106P";"73379610-6";"73379610-6";"杭州海康威视数字技术股份有限公司 （曾用名：杭州海康威视数字技术有限公司） ，成立于2001年，中国电子科技集团成员，位于浙江省杭州市，是一家以从事计算机、通信和其他电子设备制造业为主的企业。企业注册资本923319.8326万人民币，超过了99%的浙江省同行，并已于2019年完成了股权融资。";"许可项目：Ⅱ、Ⅲ类射线装置生产；Ⅱ、Ⅲ类射线装置销售；放射性同位素生产（除正电子发射计算机断层扫描用放射性药物）；Ⅱ、Ⅲ、Ⅳ、Ⅴ类放射源销售；建设工程施工；第二类增值电信业务；在线数据处理与交易处理业务（经营类电子商务）；互联网信息服务；通用航空服务（依法须经批准的项目，经相关部门批准后方可开展经营活动，具体经营项目以审批结果为准）。一般项目：数字视频监控系统制造；数字视频监控系统销售；安防设备制造；安防设备销售；物联网设备制造；物联网设备销售；智能无人飞行器制造；智能无人飞行器销售；计算机软硬件及外围设备制造；计算机软硬件及辅助设备批发；通信设备制造；通信设备销售；网络设备制造；网络设备销售；显示器件制造；显示器件销售；智能车载设备制造；智能车载设备销售；汽车零部件及配件制造；汽车零配件批发；电气信号设备装置制造；电气信号设备装置销售；机械电气设备制造；机械电气设备销售；特种劳动防护用品生产；特种劳动防护用品销售；电子产品销售；数字文化创意技术装备销售；第二类医疗器械销售；充电桩销售；技术服务、技术开发、技术咨询、技术交流、技术转让、技术推广；软件开发；网络与信息安全软件开发；信息系统集成服务；计算机系统服务；物联网技术研发；物联网技术服务；物联网应用服务；大数据服务；数据处理和存储支持服务；安全系统监控服务；安全技术防范系统设计施工服务；电子、机械设备维护（不含特种设备）；通用设备修理；集中式快速充电站；停车场服务；数字文化创意内容应用服务；健康咨询服务（不含诊疗服务）；环境保护监测；市场营销策划；业务培训（不含教育培训、职业技能培训等需取得许可的培训）；货物进出口；技术进出口（除依法须经批准的项目外，凭营业执照依法自主开展经营活动）。";"是";"A股";"海康威视";"002415";"视频监控；智能家居"
"航天晨光股份有限公司";"南京市江宁经济技术开发区天元中路188号";"股份有限公司（上市）";"1999-09-30 00:00:00";1999.0;"江苏省";"南京市";"江宁区";"专用设备制造业";"2239";"大于等于1千，小于5千";"43192.86万人民币";"一亿（含）至五十亿";"存续";"南京晨光航天应用技术股份有限公司，南京航天晨光股份有限公司";"江苏省南京市江宁区天元中路188号";"91320000714091899R";"71409189-9";"71409189-9";"航天晨光股份有限公司 （曾用名：南京航天晨光股份有限公司） ，成立于1999年，中国航天科工集团成员，位于江苏省南京市，是一家以从事专用设备制造业为主的企业。企业注册资本43192.86万人民币，超过了99%的江苏省同行，实缴资本19739.3772万人民币，并已于2018年完成了定向增发。";"许可项目：公路管理与养护；民用核安全设备设计；特种设备设计；特种设备制造；道路机动车辆生产；民用核安全设备制造；检验检测服务；道路货物运输（不含危险货物）；城市生活垃圾经营性服务；施工专业作业（依法须经批准的项目，经相关部门批准后方可开展经营活动，具体经营项目以审批结果为准） 一般项目：机械设备研发；通用设备制造（不含特种设备制造）；专用设备制造（不含许可类专业设备制造）；机械设备销售；特种设备销售；汽车销售；金属制品研发；金属结构制造；金属制品销售；核电设备成套及工程技术研发；智能基础制造装备制造；智能基础制造装备销售；智能控制系统集成；信息系统集成服务；智能物料搬运装备销售；智能仓储装备销售；人工智能硬件销售；技术服务、技术开发、技术咨询、技术交流、技术转让、技术推广；有色金属铸造；专用设备修理；普通机械设备安装服务；站用加氢及储氢设施销售；机械零件、零部件销售；软件开发；软件销售；金属表面处理及热处理加工；金属切削加工服务；有色金属压延加工；工艺美术品及礼仪用品制造（象牙及其制品除外）；工艺美术品及礼仪用品销售（象牙及其制品除外）；喷涂加工；计量技术服务；农村生活垃圾经营性服务；建筑物清洁服务；水污染治理；机械设备租赁；互联网销售（除销售需要许可的商品）；以自有资金从事投资活动；住房租赁；非居住房地产租赁；货物进出口；技术进出口；再生资源销售（除依法须经批准的项目外，凭营业执照依法自主开展经营活动）";"是";"A股";"航天晨光";"600501";"特种装备；环卫设备；柔性管件；化工机械；艺术工程"
"和芯星通科技（北京）有限公司";"北京市海淀区丰贤东路7号北斗星通大厦A301室";"有限责任公司（法人独资）";"2009-03-13 00:00:00";2009.0;"北京市";"北京市";"海淀区";"科技推广和应用服务业";"250";"大于等于1百，小于5百";"33479.2371万人民币";"一亿（含）至五十亿";"存续";"-";"北京市海淀区丰贤东路7号1幢三层A315";"91110108686900942M";"68690094-2";"68690094-2";"和芯星通科技（北京）有限公司，成立于2009年，北斗星通成员，位于北京市，是一家以从事科技推广和应用服务业为主的企业。企业注册资本33479.2371万人民币，超过了99%的北京市同行，实缴资本31079.2371万人民币，并已于2009年完成了天使轮。";"互联网信息服务；技术咨询、技术开发；产品设计；计算机系统服务；基础软件服务、应用软件服务；销售自行开发后的产品；技术进出口、代理进出口、货物进出口。（市场主体依法自主选择经营项目，开展经营活动；互联网信息服务以及依法须经批准的项目，经相关部门批准后依批准的内容开展经营活动；不得从事国家和本市产业政策禁止和限制类项目的经营活动。）";"否";"-";"和芯星通";"-";"导航芯片"
"河北中瓷电子科技股份有限公司";"石家庄市鹿泉经济开发区昌盛大街21号";"其他股份有限公司（上市）";"2009-08-06 00:00:00";2009.0;"河北省";"石家庄市";"鹿泉区";"计算机、通信和其他电子设备制造业";"508";"大于等于5百，小于1千";"32218.0614万人民币";"一亿（含）至五十亿";"存续";"河北中瓷电子科技有限公司";"石家庄市鹿泉经济开发区昌盛大街21号";"91130185693456472R";"69345647-2";"69345647-2";"河北中瓷电子科技股份有限公司 （曾用名：河北中瓷电子科技有限公司） ，成立于2009年，国睿科技成员，位于河北省石家庄市，是一家以从事计算机、通信和其他电子设备制造业为主的企业。企业注册资本32218.0614万人民币，超过了99%的河北省同行，实缴资本11965.6864万人民币，并已于2023年完成了定向增发，交易金额25亿人民币。";"电子封装及精细陶瓷的研发、生产、销售；电子元器件、半导体元器件、集成电路、汽车电子部件、零部件的研发、生产及销售；陶瓷材料、电子专用材料、金属制品的研发、生产及销售；半导体器件专用设备、电子专用设备的制造及销售；软件设计、技术咨询、技术服务、技术转让及进出口业务。。（依法须经批准的项目，经相关部门批准后方可开展经营活动）";"是";"A股";"中瓷电子";"003031";"电子陶瓷产品；汽车电子件"
"湖南国科微电子股份有限公司";"长沙经济技术开发区泉塘街道东十路南段9号";"股份有限公司（上市、自然人投资或控股）";"2008-09-24 00:00:00";2008.0;"湖南省";"长沙市";"长沙县";"计算机、通信和其他电子设备制造业";"256";"大于等于1百，小于5百";"21714.0672万人民币";"一亿（含）至五十亿";"存续";"湖南国科微电子有限公司，湖南泰合志恒科技有限公司，湖南国泰微电子有限公司";"长沙经济技术开发区泉塘街道东十路南段9号";"9143010068031562X6";"68031562-X";"68031562-X";"湖南国科微电子股份有限公司 （曾用名：湖南国科微电子有限公司） ，成立于2008年，湖南国科成员，位于湖南省长沙市，是一家以从事计算机、通信和其他电子设备制造业为主的企业。企业注册资本21714.0672万人民币，超过了99%的湖南省同行，实缴资本7500万人民币，并已于2022年完成了定向增发，交易金额22.95亿人民币。";"集成电路的设计、产品开发、生产及销售；电子产品、软件产品技术开发、生产、销售、相关技术服务及以上商品进出口贸易。（涉及行政许可的凭有效许可经营）";"是";"A股";"国科微";"300672";"视频解码芯片；视觉处理芯片；存储芯片；卫星定位芯片"
"江苏亨通光电股份有限公司";"江苏省吴江区七都镇亨通大道88号";"股份有限公司（上市）";"1993-06-05 00:00:00";1993.0;"江苏省";"苏州市";"吴江区";"批发业";"1617";"大于等于1千，小于5千";"246673.4657万人民币";"一亿（含）至五十亿";"存续";"-";"江苏省吴江区七都镇亨通大道88号";"91320500608296911W";"60829691-1";"60829691-1";"江苏亨通光电股份有限公司，成立于1993年，亨通集团成员，位于江苏省苏州市，是一家以从事批发业为主的企业。企业注册资本246673.4657万人民币，超过了100%的江苏省同行，实缴资本9112万人民币，并已于2022年完成了定向增发。";"光纤光缆、电力电缆，特种通信线缆、光纤预制棒、光纤拉丝、电源材料及附件、光缆金具或铁附件、电子元器件、输配电及控制设备、光器件及传感、通信设备、光纤传感、水声、物联网器件、消防产品、海洋观测设备、海洋油气设备、环境监测设备、数据中心机房配套产品（含供配电设备、空调制冷设备、智能管理监控设备）的研发、制造、销售以及相关系统的施工、维护、工程项目承包及技术咨询服务；通信工程设计、施工、维护、监理；机电一体化工程、消防工程、安全防范工程的设计、施工；建筑智能化设计、施工；弱电智能系统集成、设计、安装，综合布线工程，通信系统集成承包及技术咨询服务；网络工程设计、安装；废旧金属的收购（含废旧电缆等）；承包与其实力、规模、业绩相适应的国内外工程项目，对外派遣实施上述境外工程所需的劳务人员；固网、移动网络业务代理，接入网、用户驻地网业务，网络托管业务，通信设施租赁业务；第二类增值电信业务中的因特网接入服务业务（不含网站接入）；网络信息安全技术产品开发，数据储存、数据整理、数据挖掘、云计算、大数据分析服务，技术开发，技术咨询；石油工程技术服务；计算机软硬件的开发、销售及安装服务；信息系统集成的设计、安装调试及维护；智慧社区建设及运营；量子通信建设及网络运营；实业投资；自营和代理各类商品和技术的进出口业务。（依法须经批准的项目，经相关部门批准后方可开展经营活动）一般项目：输配电及控制设备制造；智能输配电及控制设备销售；电气设备销售；智能仪器仪表销售；在线能源监测技术研发；物联网技术研发；物联网技术服务；物联网设备制造；物联网设备销售；物联网应用服务；5G通信技术服务；人力资源服务（不含职业中介活动、劳务派遣服务）（除依法须经批准的项目外，凭营业执照依法自主开展经营活动）";"是";"A股";"亨通光电";"600487";"通信网络；能源互联"
"江西新拓实业有限公司";"江西省南昌市南昌高新技术产业开发区紫阳大道3399号云中城B#办公楼24楼2405、2406、2407室";"有限责任公司（自然人投资或控股的法人独资）";"2015-05-29 00:00:00";2015.0;"江西省";"南昌市";"-";"批发业";"92";"1百以下";"200万人民币";"一百万（含）至五百万";"存续";"-";"江西省南昌市高新区紫阳大道3399号云中城B#办公楼24楼";"91360106343241017B";"34324101-7";"34324101-7";"江西新拓实业有限公司，成立于2015年，位于江西省南昌市，是一家以从事批发业为主的企业。企业注册资本200万人民币，超过了75%的江西省同行，实缴资本200万人民币。";"国内贸易；自营和代理国内各类商品和技术的进出口业务。（依法须经批准的项目，经相关部门批准后方可开展经营活动）";"否";"-";"新拓实业";"-";"外骨骼应用；工业协作机械臂；云台雷达；水下机器人"
"今创集团股份有限公司";"江苏省常州市武进区遥观镇今创路88-89号";"股份有限公司（台港澳与境内合资、上市）";"2003-03-26 00:00:00";2003.0;"江苏省";"常州市";"武进区";"铁路、船舶、航空航天和其他运输设备制造业";"3949";"大于等于1千，小于5千";"78371.8767万人民币";"一亿（含）至五十亿";"存续";"江苏剑湖轨道交通设备有限公司，今创集团有限公司";"常州市武进区遥观镇今创路88号";"91320400747314251P";"74731425-1";"74731425-1";"今创集团股份有限公司 （曾用名：今创集团有限公司） ，成立于2003年，今创集团成员，位于江苏省常州市，是一家以从事铁路、船舶、航空航天和其他运输设备制造业为主的企业。企业注册资本78371.8767万人民币，超过了99%的江苏省同行，实缴资本65356.2万人民币，并已于2021年完成了定向增发。";"高速铁路、铁路客运专线、城际铁路、干线铁路、城市轨道交通的运输设备关键零部件（控制系统、机车车辆配件）及旅客服务设施和设备（照明系统、地铁屏蔽门、装饰材料、塑料制品）研发、设计、制造、安装和技术服务；轨道交通运输通信信号系统和设备、电气化铁路设备和器材（防灾监控设备及系统集成、轨道交通自动控制设备、照明系统）的研发、设计、制造、安装和技术服务；电站专业设备及配件（回转式清污机、耙斗式清污机、拦污栅、平板钢闸门等水工金属结构产品），起重机械，阀门及阀门驱动装置，五金结构件的设计、制造、安装；信息服务，轨道交通技术开发、技术转让；销售自产产品。灯箱、广告设施的设计、安装、售后服务（不涉及广告业务）；轨道车辆及其零配件的国内采购、批发、佣金代理（拍卖除外）、进出口及相关配套业务（不涉及国营贸易管理商品，涉及配额、许可证管理商品的，按国家有关规定办理申请）；道路普通货物运输；面向成年人开展轨道交通技术培训（不含国家统一认可的职业证书类培训）。（依法须经批准的项目，经相关部门批准后方可开展经营活动）一般项目：机械零件、零部件销售；机械电气设备制造；机械电气设备销售（除依法须经批准的项目外，凭营业执照依法自主开展经营活动）";"是";"A股";"今创集团";"603680";"轨道交通；5G通信；环保环卫；船舶；新能源"
"科大国盾量子技术股份有限公司";"合肥市高新区华佗巷777号科大国盾量子科技园";"其他股份有限公司（上市）";"2009-05-27 00:00:00";2009.0;"安徽省";"合肥市";"合肥新站高新技术产业开发区";"计算机、通信和其他电子设备制造业";"306";"大于等于1百，小于5百";"8037.437万人民币";"五千万（含）至一亿";"存续";"安徽量子通信技术有限公司";"安徽省合肥市高新区华佗巷777号";"9134010068976734XU";"68976734-X";"68976734-X";"科大国盾量子技术股份有限公司 （曾用名：安徽量子通信技术有限公司） ，成立于2009年，中科大资产经营成员，位于安徽省合肥市，是一家以从事计算机、通信和其他电子设备制造业为主的企业。企业注册资本8037.437万人民币，超过了95%的安徽省同行，实缴资本4393.6万人民币，并已于2024年完成了定向增发，交易金额19亿人民币。";"信息系统、量子通信、量子计算及通用量子技术开发、应用、咨询、系统集成服务及相关设备、软件生产、销售、服务（应经行政许可的凭许可证经营）。（依法须经批准的项目，将相关部门批准后方可开展经营活动）";"是";"A股";"国盾量子";"688027";"量子保密通信网络设备；量子安全应用；量子计算；量子精密测量；光电产品"
"科大讯飞股份有限公司";"合肥市高新开发区望江西路666号";"其他股份有限公司（上市）";"1999-12-30 00:00:00";1999.0;"安徽省";"合肥市";"合肥高新技术产业开发区";"软件和信息技术服务业";"59781";"大于等于5万";"231173.4185万人民币";"一亿（含）至五十亿";"存续";"安徽硅谷天音信息科技有限公司，安徽科大讯飞信息科技股份有限公司";"合肥市高新开发区望江西路666号";"91340000711771143J";"71177114-3";"71177114-3";"科大讯飞股份有限公司 （曾用名：安徽科大讯飞信息科技股份有限公司） ，成立于1999年，中国移动成员，位于安徽省合肥市，是一家以从事软件和信息技术服务业为主的企业。企业注册资本231173.4185万人民币，超过了99%的安徽省同行，实缴资本128450.0991万人民币，并已于2021年完成了定向增发，交易金额25.37亿人民币。";"增值电信业务；专业技术人员培训；计算机软、硬件开发、生产和销售及技术服务；系统工程、信息服务；电子产品、计算机通讯设备研发、生产、销售；移动通信设备的研发、销售；二类、三类医疗器械研发、制造与销售；图书、电子出版物销售；进出口业务（国家限定和禁止经营的除外）；安全技术防范工程；商用房及住宅房租赁；物业管理；设计、制作、代理、发布广告。（依法须经批准的项目，经相关部门批准后方可开展经营活动）";"是";"A股";"科大讯飞";"002230";"AI教育；AIB2B；AI医疗；AI工业；AI运营商；AI汽车；AI金融"
"立昂技术股份有限公司";"新疆乌鲁木齐经济技术开发区（头屯河区）燕山街518号";"其他股份有限公司（上市）";"1996-01-08 00:00:00";1996.0;"新疆维吾尔自治区";"乌鲁木齐市";"头屯河区";"软件和信息技术服务业";"732";"大于等于5百，小于1千";"46479.8231万人民币";"一亿（含）至五十亿";"存续";"新疆立昂电信技术有限公司";"乌鲁木齐经济技术开发区（头屯河区）燕山街518号";"916501002999341738";"29993417-3";"29993417-3";"立昂技术股份有限公司 （曾用名：新疆立昂电信技术有限公司） ，成立于1996年，立昂技术成员，位于新疆维吾尔自治区乌鲁木齐市，是一家以从事软件和信息技术服务业为主的企业。企业注册资本46479.8231万人民币，超过了99%的新疆维吾尔自治区同行，实缴资本7680万人民币，并已于2023年完成了定向增发，交易金额9.09亿人民币。";"许可项目：第二类增值电信业务；互联网信息服务；建设工程施工；建筑劳务分包；施工专业作业；建设工程设计；建设工程监理；计算机信息系统安全专用产品销售；广播电视节目传送；医疗器械互联网信息服务；道路货物运输（不含危险货物）；餐饮服务；输电、供电、受电电力设施的安装、维修和试验；发电业务、输电业务、供（配）电业务；供电业务。（依法须经批准的项目，经相关部门批准后方可开展经营活动，具体经营项目以相关部门批准文件或许可证件为准）一般项目：信息系统集成服务；信息系统运行维护服务；通信设备销售；计算机软硬件及辅助设备零售；电子专用材料销售；网络设备销售；机械电气设备销售；电子、机械设备维护（不含特种设备）；通信传输设备专业修理；通信交换设备专业修理；电气设备修理；销售代理；云计算装备技术服务；计算机软硬件及辅助设备批发；软件销售；网络与信息安全软件开发；软件开发；办公设备销售；教学专用仪器销售；智能控制系统集成；人工智能行业应用系统集成服务；计算机系统服务；数据处理和存储支持服务；人工智能通用应用系统；广告发布；电子产品销售；集成电路销售；五金产品零售；金属制品销售；电子测量仪器销售；电子元器件零售；电子元器件批发；电气设备销售；电子元器件与机电组件设备销售；电力电子元器件销售；电气信号设备装置销售；第一类医疗器械销售；普通货物仓储服务（不含危险化学品等需许可审批的项目）；国内货物运输代理；信息咨询服务（不含许可类信息咨询服务）；网络技术服务；信息技术咨询服务；物联网应用服务；互联网数据服务；数字技术服务；基于云平台的业务外包服务；物联网技术服务；5G通信技术服务；计算机及通讯设备租赁；柜台、摊位出租；工业互联网数据服务；数据处理服务；大数据服务；公共资源交易平台运行技术服务；合成材料销售；技术进出口；货物进出口；住房租赁；租赁服务（不含许可类租赁服务）；非居住房地产租赁；停车场服务；太阳能发电技术服务；风力发电技术服务；电力设施器材销售；碳减排、碳转化、碳捕捉、碳封存技术研发；制冷、空调设备销售。（除依法须经批准的项目外，凭营业执照依法自主开展经营活动）";"是";"A股";"立昂技术";"300603";"数字城市系统；算力中心与云计算；通信技术；运营商增值"
"联合微电子中心有限责任公司";"重庆市沙坪坝区西园一路28号附2号";"有限责任公司（国有控股）";"2018-10-17 00:00:00";2018.0;"重庆市";"重庆市";"沙坪坝区";"软件和信息技术服务业";"424";"大于等于1百，小于5百";"100000万人民币";"一亿（含）至五十亿";"存续";"-";"重庆市沙坪坝区康田西宸中心8号楼";"91500106MA604C1M96";"MA604C1M-9";"MA604C1M-9";"联合微电子中心有限责任公司，成立于2018年，重庆西永产业发展成员，位于重庆市，是一家以从事软件和信息技术服务业为主的企业。企业注册资本100000万人民币，超过了99%的重庆市同行，实缴资本98000万人民币，并已于2019年完成了天使轮。";"许可项目：从事建筑相关业务，货物及技术进出口（依法须经批准的项目，经相关部门批准后方可开展经营活动，具体经营项目以相关部门批准文件或许可证件为准） 一般项目：微电子工艺技术开发、服务，电子材料和电子产品（芯片、器件、组件、模块、微系统、整机、封装、测试）的设计、制造、销售和技术服务，工艺技术培训、技术转移和孵化，应用软件设计、开发，数据服务，系统集成，各类设备、仪器、仪表零部件及整机的研发、生产、销售和技术服务，贸易代理，展览展示服务，自有设备及房屋租赁，物业管理。（除依法须经批准的项目外，凭营业执照依法自主开展经营活动）";"否";"-";"联合微电子";"-";"人工智能领域；激光雷达；信息数据中心"
"联众集群（北京）科技有限责任公司";"北京市昌平区科技园区超前路甲1号6号楼7层701室";"有限责任公司（自然人独资）";"2010-08-17 00:00:00";2010.0;"北京市";"北京市";"昌平区";"软件和信息技术服务业";"11";"1百以下";"300万人民币";"一百万（含）至五百万";"存续";"-";"北京市昌平区科技园区超前路甲1号6号楼7层701室";"91110114560390465U";"56039046-5";"56039046-5";"联众集群（北京）科技有限责任公司，成立于2010年，位于北京市，是一家以从事软件和信息技术服务业为主的企业。企业注册资本300万人民币，超过了60%的北京市同行，实缴资本100万人民币。";"技术开发；技术服务；技术转让；技术推广；技术咨询；销售计算机软硬件及辅助设备、电子产品、机械设备、仪器仪表、文化用品；计算机系统服务；维修计算机；计算机整机制造；货物进出口、技术进出口、代理进出口。（（市场主体依法自主选择经营项目，开展经营活动；依法须经批准的项目，经相关部门批准后依批准的内容开展经营活动；不得从事国家和本市产业政策禁止和限制类项目的经营活动。））";"否";"-";"联合集群";"-";"信创；GPU服务器；工作站；存储服务器；集群软件"
"摩尔线程智能科技（北京）有限责任公司";"北京市海淀区翠微中里14号楼四层B655";"其他股份有限公司（非上市）";"2020-06-11 00:00:00";2020.0;"北京市";"北京市";"海淀区";"软件和信息技术服务业";"309";"大于等于1百，小于5百";"33000万人民币";"一亿（含）至五十亿";"存续";"摩尔线程智能科技（北京）有限责任公司";"北京市朝阳区东湖街道望京国际研发园I座3层";"91110108MA01RWUG4Y";"MA01RWUG-4";"MA01RWUG-4";"摩尔线程智能科技（北京）股份有限公司 （曾用名：摩尔线程智能科技（北京）有限责任公司） ，成立于2020年，摩尔线程成员，位于北京市，是一家以从事软件和信息技术服务业为主的企业。企业注册资本33000万人民币，超过了99%的北京市同行，实缴资本2123.116万人民币，并已于2023年完成了B+轮，交易金额数亿人民币。";"一般项目：集成电路设计；技术服务、技术开发、技术咨询、技术交流、技术转让、技术推广；集成电路芯片设计及服务；集成电路芯片及产品销售；集成电路销售；信息系统集成服务；计算机系统服务；软件开发；信息咨询服务（不含许可类信息咨询服务）；计算机软硬件及辅助设备零售；电子产品销售；货物进出口；技术进出口；进出口代理；企业管理；集成电路制造。（除依法须经批准的项目外，凭营业执照依法自主开展经营活动）（不得从事国家和本市产业政策禁止和限制类项目的经营活动。）";"否";"-";"北京摩尔线程";"-";"GPU；显卡；软件；服务器；智算中心"
"摩尔线程智能科技（成都）有限责任公司";"中国（四川）自由贸易试验区成都高新区天府大道中段1366号2栋E5座12层23-32号";"有限责任公司（非自然人投资或控股的法人独资）";"2021-04-25 00:00:00";2021.0;"-";"-";"成都高新区";"科技推广和应用服务业";"193";"大于等于1百，小于5百";"1000万人民币";"一千万（含）至五千万";"存续";"-";"中国（四川）自由贸易试验区成都高新区天府大道中段1366号2栋E5座12层23-32号";"91510100MA67FR0E4C";"MA67FR0E-4";"MA67FR0E-4";"摩尔线程智能科技（成都）有限责任公司，成立于2021年，摩尔线程成员，位于四川省成都市，是一家以从事科技推广和应用服务业为主的企业。企业注册资本1000万人民币。";"一般项目：集成电路设计；集成电路芯片设计及服务；信息系统集成服务；计算机系统服务；技术服务、技术开发、技术咨询、技术交流、技术转让、技术推广；软件开发；电子专用材料研发；信息咨询服务（不含许可类信息咨询服务）；集成电路芯片及产品销售；集成电路销售；计算机软硬件及辅助设备零售；电子产品销售；通讯设备销售；计算机软硬件及辅助设备批发；货物进出口；技术进出口；进出口代理；企业管理。（除依法须经批准的项目外，凭营业执照依法自主开展经营活动）";"否";"-";"成都摩尔线程";"-";"GPU；显卡；软件；服务器；智算中心"
"摩尔线程智能科技（上海）有限责任公司";"中国（上海）自由贸易试验区金科路2889弄2号12层01、02、03、04、05单元";"有限责任公司（自然人投资或控股的法人独资）";"2021-12-23 00:00:00";2021.0;"上海市";"上海市";"浦东新区";"软件和信息技术服务业";"295";"大于等于1百，小于5百";"1000万人民币";"一千万（含）至五千万";"存续";"-";"中国（上海）自由贸易试验区金科路2889弄2号12层01、02、03、04、05单元";"91310115MA7DX6NQ70";"MA7DX6NQ-7";"MA7DX6NQ-7";"摩尔线程智能科技（上海）有限责任公司，成立于2021年，摩尔线程成员，位于上海市，是一家以从事软件和信息技术服务业为主的企业。企业注册资本1000万人民币，超过了84%的上海市同行。";"一般项目：技术服务、技术开发、技术咨询、技术交流、技术转让、技术推广；集成电路设计；集成电路芯片设计及服务；信息系统集成服务；计算机系统服务；软件开发；信息咨询服务（不含许可类信息咨询服务）；集成电路芯片及产品销售；集成电路销售；计算机软硬件及辅助设备零售；电子产品销售；企业管理。（除依法须经批准的项目外，凭营业执照依法自主开展经营活动）";"否";"-";"上海摩尔线程";"-";"GPU；显卡；软件；服务器；智算中心"
"南京国博电子股份有限公司";"南京市江宁经济技术开发区正方中路155号";"股份有限公司（上市）";"2000-11-27 00:00:00";2000.0;"江苏省";"南京市";"秦淮区";"计算机、通信和其他电子设备制造业";"1724";"大于等于1千，小于5千";"40001万人民币";"一亿（含）至五十亿";"存续";"上海华信集成电路有限公司，南京南迪讯电子有限公司，南京国博电子有限公司";"江苏省南京市江宁开发区正方中路155号";"913201157031141514";"70311415-1";"70311415-1";"南京国博电子股份有限公司 （曾用名：南京国博电子有限公司） ，成立于2000年，中国电子科技集团成员，位于江苏省南京市，是一家以从事计算机、通信和其他电子设备制造业为主的企业。企业注册资本40001万人民币，超过了99%的江苏省同行，实缴资本35975.9262万人民币，并已于2022年完成了IPO上市，交易金额28.36亿人民币。";"在集成电路、芯片和模块、微波组件、信息软件领域范围内从事技术开发、技术转让、技术咨询、技术服务及相关产品的设计、制造、测试、销售。（依法须经批准的项目，经相关部门批准后方可开展经营活动）";"是";"科创板";"国博电子";"688375";"T/R组件和射频模块；射频芯片"
"南京莱斯信息技术股份有限公司";"南京市秦淮区永智路8号";"股份有限公司（上市）";"1988-07-16 00:00:00";1988.0;"江苏省";"南京市";"秦淮区";"研究和试验发展";"786";"大于等于5百，小于1千";"16347万人民币";"一亿（含）至五十亿";"存续";"南京莱斯大型电子系统工程公司，南京莱斯大型电子系统工程有限公司";"南京市秦淮区永智路8号";"913201001348786874";"13487868-7";"13487868-7";"南京莱斯信息技术股份有限公司 （曾用名：南京莱斯大型电子系统工程有限公司） ，成立于1988年，中国电子科技集团成员，位于江苏省南京市，是一家以从事研究和试验发展为主的企业。企业注册资本16347万人民币，超过了99%的江苏省同行，实缴资本16347万人民币，并已于2023年完成了IPO上市，交易金额10.33亿人民币。";"许可项目：互联网信息服务；民用机场经营；通用航空服务；建筑智能化系统设计；建筑智能化工程施工；各类工程建设活动；进出口代理；第二类增值电信业务；卫星电视广播地面接收设施安装服务；人防工程设计；技术进出口；基础电信业务（依法须经批准的项目，经相关部门批准后方可开展经营活动，具体经营项目以审批结果为准） 一般项目：软件开发；软件销售；信息系统集成服务；信息系统运行维护服务；计算机系统服务；大数据服务；互联网数据服务；数据处理服务；数据处理和存储支持服务；信息技术咨询服务；互联网安全服务；安全技术防范系统设计施工服务；安全系统监控服务；物联网应用服务；技术服务、技术开发、技术咨询、技术交流、技术转让、技术推广；通信设备制造；专用设备制造（不含许可类专业设备制造）；交通安全、管制专用设备制造；电气信号设备装置制造；电气信号设备装置销售；交通及公共管理用金属标牌制造；交通及公共管理用标牌销售；卫星通信服务；卫星技术综合应用系统集成；网络设备销售；汽车新车销售；对外承包工程；非居住房地产租赁（除依法须经批准的项目外，凭营业执照依法自主开展经营活动）";"是";"科创板";"莱斯信息";"688631";"空中交通管理；道路交通管理；城市治理"
"内蒙古第一机械集团股份有限公司";"内蒙古自治区包头市青山区民主路";"其他股份有限公司（上市）";"2000-12-29 00:00:00";2000.0;"内蒙古自治区";"包头市";"青山区";"铁路、船舶、航空航天和其他运输设备制造业";"5219";"大于等于5千，小于1万";"170263.6737万人民币";"一亿（含）至五十亿";"存续";"包头北方创业股份有限公司";"包头市青山区民主路";"91150000720180740Y";"72018074-0";"72018074-0";"内蒙古第一机械集团股份有限公司 （曾用名：包头北方创业股份有限公司） ，成立于2000年，中国兵器工业集团成员，位于内蒙古自治区包头市，是一家以从事铁路、船舶、航空航天和其他运输设备制造业为主的企业。企业注册资本170263.6737万人民币，超过了99%的内蒙古自治区同行，实缴资本170263.6737万人民币，并已于2020年完成了定向增发。";"许可经营项目：无 一般经营项目：坦克装甲车辆及轮式装甲车辆设计、研发、制造、销售及售后服务；机械制造；汽车、专用汽车、铁路车辆、工程机械整车及零配件设计、研发、制造、采购、销售及售后服务；本企业生产所需原辅材料、机械设备、仪器仪表及技术的进口业务；冶炼冲锻工具制造、计算机软件、集装箱配件、金属制品、非金属制品、橡胶制品、塑料制品、铸造材料、模具、普通机械、环保设备、回转支承产品、压力容器产品、特种防护产品、安全应急装备设计、研发、制造、销售及售后服务；铁路机车、货车、客车零部件以及高铁零部件的研制、开发、生产、销售；航空、航天、船舶机械、石油机械、煤炭机械、包装机械、电力设备、风力发电设备零部件的研制、开发、生产、采购、销售及技术服务；矿山机械、液压成型设备及元部件设计、开发、生产、采购、销售及技术服务；煤机设备制造、销售及维修；进出口业务经营（国家禁止或限制公司经营的商品和技术除外）；机械设备安装；特种车辆及零部件研制、开发、生产、采购、销售、维修及技术服务； 技术服务；产品试验检测；金属材料、建筑材料、化工产品（危险品除外）的购销；冶金机械；铸造、机械加工、精密加工、装配焊接、组焊装配、数控切割、冲压、特种材料处理、热处理、表面热处理、防腐涂装、劳务分包、仓储、装卸、采掘工程承包，自有房屋租赁，机械设备租赁及其技术咨询服务; 普通货运；氮气制品、氩气制品、二氧化碳制品、氧气制品生产、销售；检测和校准技术服务；机电设备保全、修理（安装）、改造";"是";"A股";"内蒙一机";"600967";"军用车辆；民用车辆；工程机械；应急救援装备；公共卫生装备；农用机械装备；石油机械；车辆零部件"
"泉州市南安特易通电子有限公司";"福建省南安市霞美镇创造大道8号";"有限责任公司（自然人独资）";"2008-08-14 00:00:00";2008.0;"福建省";"泉州市";"南安市";"计算机、通信和其他电子设备制造业";"74";"1百以下";"2000万人民币";"一千万（含）至五千万";"存续";"-";"福建省南安市霞美镇创造大道8号";"91350583678475050B";"67847505-0";"67847505-0";"泉州市南安特易通电子有限公司，成立于2008年，泉州易通成员，位于福建省泉州市，是一家以从事计算机、通信和其他电子设备制造业为主的企业。企业注册资本2000万人民币，超过了90%的福建省同行，实缴资本2000万人民币。";"一般项目：通讯设备销售；通信设备制造；五金产品制造；五金产品零售；五金产品批发；五金产品研发；音响设备销售；音响设备制造；机动车充电销售；集中式快速充电站；电池销售；电池制造；其他电子器件制造；机械电气设备制造；机械电气设备销售；软件开发；货物进出口。（除依法须经批准的项目外，凭营业执照依法自主开展经营活动）";"否";"-";"特易通";"-";"DMR数字产品；模拟对讲机；POC；配件"
"国投智能（厦门）信息股份有限公司";"厦门火炬高新区软件园二期观日路12号102-402单元";"股份有限公司（上市、自然人投资或控股）";"1999-09-22 00:00:00";1999.0;"福建省";"厦门市";"湖里区";"软件和信息技术服务业";"1224";"大于等于1千，小于5千";"85947.731万人民币";"一亿（含）至五十亿";"存续";"厦门市美亚柏科信息股份有限公司";"厦门火炬高新区软件园二期观日路12号102-402单元";"91350200705420347R";"70542034-7";"70542034-7";"国投智能（厦门）信息股份有限公司 （曾用名：厦门市美亚柏科信息股份有限公司） ，成立于1999年，国家开发投资集团成员，位于福建省厦门市，是一家以从事软件和信息技术服务业为主的企业。企业注册资本85947.731万人民币，超过了99%的福建省同行，实缴资本85947.731万人民币，并已于2022年完成了定向增发，交易金额6.78亿人民币。";"一般项目：信息系统集成服务；软件开发；信息技术咨询服务；计算机软硬件及辅助设备批发；计算机软硬件及辅助设备零售；数据处理和存储支持服务；5G通信技术服务；计算机及通讯设备租赁；广播影视设备销售；通信设备销售；移动通信设备销售；数字内容制作服务（不含出版发行）；互联网安全服务；技术进出口；货物进出口；商用密码产品生产；商用密码产品销售；安防设备销售；安防设备制造；金属链条及其他金属制品销售；金属制品销售；照明器具制造；可穿戴智能设备销售；技术服务、技术开发、技术咨询、技术交流、技术转让、技术推广；计算机软硬件及外围设备制造；移动通信设备制造；通信设备制造；互联网设备制造；大数据服务；人工智能公共数据平台；信息安全设备销售；信息安全设备制造；网络与信息安全软件开发；智能机器人销售；智能机器人的研发；计算机系统服务；信息系统运行维护服务；电子产品销售；云计算装备技术服务；人工智能通用应用系统；智能基础制造装备销售；智能基础制造装备制造；教育咨询服务（不含涉许可审批的教育培训活动）。（除依法须经批准的项目外，凭营业执照依法自主开展经营活动）许可项目：建筑智能化系统设计；互联网信息服务；电子出版物出版；电子出版物制作；出版物零售；出版物批发；建设工程施工；计算机信息系统安全专用产品销售；司法鉴定服务。（依法须经批准的项目，经相关部门批准后方可开展经营活动，具体经营项目以相关部门批准文件或许可证件为准）";"是";"A股";"国投智能";"300188";"公共安全大数据；新网络空间安全；电子数据取证；数字政务与企业数字化"
"陕西亚成微电子股份有限公司";"陕西省西安市高新区上林苑一路15号光子芯片硬科技企业社区6幢";"股份有限公司（非上市、自然人投资或控股）";"2003-09-19 00:00:00";2003.0;"陕西省";"西安市";"-";"电气机械和器材制造业";"174";"大于等于1百，小于5百";"3858.4709万人民币";"一千万（含）至五千万";"存续";"陕西寰宇企业管理咨询有限公司，陕西亚成微电子有限责任公司";"陕西省西安市高新区上林苑一路15号光子芯片硬科技企业社区6幢";"9161000075214690X0";"75214690-X";"75214690-X";"陕西亚成微电子股份有限公司 （曾用名：陕西寰宇企业管理咨询有限公司） ，成立于2003年，位于陕西省西安市，是一家以从事电气机械和器材制造业为主的企业。企业注册资本3858.4709万人民币，超过了89%的陕西省同行，实缴资本1200万人民币，并已于2022年完成了定向增发，交易金额5000万人民币。";"集成电路设计及系统产品的生产、销售；电子产品的开发与销售；计算机软件的开发与销售；电子元器件及组件的开发、生产与销售。（依法须经批准的项目，经相关部门批准后方可开展经营活动）";"是";"A股";"亚成微";"430552";"汽车电子；射频通讯电源系统；电源管理芯片；功率器件；照明驱动芯片；模组封装类产品"
"陕西裕泰电子科技有限公司";"陕西省西安市雁塔区科技路195号世纪颐园A座12A07室";"有限责任公司（自然人投资或控股）";"2015-05-26 00:00:00";2015.0;"陕西省";"西安市";"雁塔区";"商务服务业";"9";"10以下";"200万人民币";"一百万（含）至五百万";"存续";"陕西英赛尔电子科技有限公司";"陕西省西安市雁塔区科技路195号世纪颐园A座12A06室";"916101313337885291";"33378852-9";"33378852-9";"陕西裕泰电子科技有限公司 （曾用名：陕西英赛尔电子科技有限公司） ，成立于2015年，位于陕西省西安市，是一家以从事商务服务业为主的企业。企业注册资本200万人民币，超过了59%的陕西省同行，实缴资本30万人民币。";"一般项目：电子产品销售；集成电路芯片及产品销售；电子元器件批发；电子元器件与机电组件设备销售；智能仪器仪表销售；半导体器件专用设备销售；半导体分立器件销售；半导体照明器件销售；电容器及其配套设备销售；光电子器件销售；光缆销售；电线、电缆经营；汽车零配件批发；通讯设备销售；机械电气设备销售；软件销售；建筑装饰材料销售；日用百货销售；智能控制系统集成；货物进出口；进出口代理；租赁服务（不含许可类租赁服务）；港口理货；技术进出口；电子元器件零售；计算机软硬件及外围设备制造；电力电子元器件销售；集成电路芯片及产品制造；其他电子器件制造；电子测量仪器销售；电子专用材料销售；电子真空器件销售；电子专用设备销售；计算机软硬件及辅助设备零售；先进电力电子装置销售；计算机软硬件及辅助设备批发。（除依法须经批准的项目外，凭营业执照依法自主开展经营活动）许可项目：保税物流中心经营；出口监管仓库经营。（依法须经批准的项目，经相关部门批准后方可开展经营活动，具体经营项目以审批结果为准）";"否";"-";"裕泰电子";"-";"集成电路芯片；电子元器件"
"陕西英赛尔商贸有限责任公司";"陕西省西安市雁塔区科技路195号世纪颐园A座12A06室";"有限责任公司（自然人投资或控股）";"2003-07-14 00:00:00";2003.0;"陕西省";"西安市";"雁塔区";"零售业";"6";"10以下";"300万人民币";"一百万（含）至五百万";"存续";"-";"西安市科技路195号世纪颐园A座12A06室";"916100007521116512";"75211165-1";"75211165-1";"陕西英赛尔商贸有限责任公司，成立于2003年，位于陕西省西安市，是一家以从事零售业为主的企业。企业注册资本300万人民币，超过了73%的陕西省同行，实缴资本60万人民币。";"一般项目：电子产品销售；集成电路芯片及产品销售；电子元器件批发；电子元器件与机电组件设备销售；智能仪器仪表销售；半导体器件专用设备销售；半导体分立器件销售；半导体照明器件销售；电容器及其配套设备销售；光电子器件销售；光缆销售；电线、电缆经营；汽车零配件批发；通讯设备销售；机械电气设备销售；软件销售；建筑装饰材料销售；日用百货销售；智能控制系统集成；货物进出口；进出口代理；租赁服务（不含许可类租赁服务）。（除依法须经批准的项目外，凭营业执照依法自主开展经营活动）";"否";"-";"英赛尔";"-";"电子元器件"
"上海壁仞集成电路有限公司";"上海市闵行区浦星公路789号11幢202室";"有限责任公司（外商投资企业法人独资）";"2020-03-31 00:00:00";2020.0;"上海市";"上海市";"闵行区";"商务服务业";"12";"1百以下";"6000万人民币";"五千万（含）至一亿";"存续";"-";"上海市闵行区浦星公路789号11幢202室";"91310112MA1GCX9J17";"MA1GCX9J-1";"MA1GCX9J-1";"上海壁仞集成电路有限公司，成立于2020年，位于上海市，是一家以从事商务服务业为主的企业。企业注册资本6000万人民币，超过了97%的上海市同行，实缴资本6000万人民币。";"一般项目：集成电路芯片设计及服务；集成电路芯片及产品销售；信息系统集成服务；信息技术咨询服务；从事智能化科技、计算机软件科技、信息科技领域内的技术开发、技术服务、技术转让、技术咨询；计算机软硬件及辅助设备批发；物联网技术服务；软件开发；计算机软硬件及辅助设备零售；科技中介服务；信息咨询服务（不含许可类信息咨询服务）。（除依法须经批准的项目外，凭营业执照依法自主开展经营活动）";"否";"-";"上海壁仞电路";"-";"集成电路芯片"
"上海壁仞科技股份有限公司";"上海市闵行区陈行公路2388号16幢13层1302室";"股份有限公司（港澳台投资、未上市）";"2019-09-09 00:00:00";2019.0;"上海市";"上海市";"闵行区";"软件和信息技术服务业";"437";"大于等于1百，小于5百";"3291.638万人民币";"一千万（含）至五千万";"存续";"上海壁仞智能科技有限公司";"上海市闵行区陈行公路2388号16幢13层1302室";"91310115MA1HATB40R";"MA1HATB4-0";"MA1HATB4-0";"上海壁仞科技股份有限公司 （曾用名：上海壁仞智能科技有限公司） ，成立于2019年，位于上海市，是一家以从事软件和信息技术服务业为主的企业。企业注册资本3291.638万人民币，超过了97%的上海市同行，实缴资本3291.638万人民币，并已于2023年完成了C+轮。";"智能化科技、计算机软件科技、信息科技领域内的技术开发、技术服务、技术转让，集成电路芯片设计及服务，计算机系统集成，计算机软件开发（音像制品，电子出版物除外），计算机软件（音像制品，电子出版物除外）及辅助设备的批发，佣金代理（拍卖除外）和进出口。【依法须经批准的项目，经相关部门批准后方可开展经营活动】";"否";"-";"上海壁仞科技";"-";"GPU芯片"
"上海壁仞信息科技有限公司";"上海市徐汇区永嘉路692号2幢";"有限责任公司（外商投资企业法人独资）";"2020-04-07 00:00:00";2020.0;"上海市";"上海市";"徐汇区";"软件和信息技术服务业";"1";"10以下";"22000万人民币";"一亿（含）至五十亿";"存续";"-";"上海市徐汇区永嘉路692号2幢";"91310104MA1FRKJW7E";"MA1FRKJW-7";"MA1FRKJW-7";"上海壁仞信息科技有限公司，成立于2020年，位于上海市，是一家以从事软件和信息技术服务业为主的企业。企业注册资本22000万人民币，超过了99%的上海市同行，实缴资本4307.344万人民币。";"许可项目：货物进出口；技术进出口。（依法须经批准的项目，经相关部门批准后方可开展经营活动，具体经营项目以相关部门批准文件或许可证件为准）一般项目：信息系统集成服务；信息技术咨询服务；物联网技术服务；人工智能公共服务平台技术咨询服务；集成电路芯片设计及服务；集成电路芯片及产品销售；软件开发；计算机软硬件及辅助设备批发；计算机软硬件及辅助设备零售；科技中介服务；信息咨询服务（不含许可类信息咨询服务）（除依法须经批准的项目外，凭营业执照依法自主开展经营活动）。";"否";"-";"上海壁仞信息";"-";"GPU芯片"
"上海新之砾企业发展有限公司";"中国（上海）自由贸易试验区临港新片区环湖西二路888号C楼";"有限责任公司（外商投资企业法人独资）";"2021-09-09 00:00:00";2021.0;"上海市";"上海市";"浦东新区";"商务服务业";"0";"0";"34000万人民币";"一亿（含）至五十亿";"存续";"苏州新岩控股有限公司";"中国（上海）自由贸易试验区临港新片区环湖西二路888号C楼";"91320594MA2723778D";"MA272377-8";"MA272377-8";"上海新之砾企业发展有限公司 （曾用名：苏州新岩控股有限公司） ，成立于2021年，位于上海市，是一家以从事商务服务业为主的企业。企业注册资本34000万人民币，超过了99%的上海市同行，实缴资本9600万人民币。";"一般项目：企业管理咨询；信息技术咨询服务；技术服务、技术开发、技术咨询、技术交流、技术转让、技术推广；计算机软硬件及辅助设备批发；组织文化艺术交流活动。（除依法须经批准的项目外，凭营业执照依法自主开展经营活动）";"否";"-";"新之砾";"-";"信息技术咨询服务"
"上海英众信息科技有限公司";"上海市松江区施园路66弄1号";"有限责任公司（中外合资）";"2013-05-23 00:00:00";2013.0;"上海市";"上海市";"松江区";"专业技术服务业";"264";"大于等于1百，小于5百";"4000万人民币";"一千万（含）至五千万";"存续";"-";"上海市松江区施园路66号";"913101120693489293";"06934892-9";"06934892-9";"上海英众信息科技有限公司，成立于2013年，位于上海市，是一家以从事专业技术服务业为主的企业。企业注册资本4000万人民币，超过了97%的上海市同行，实缴资本4000万人民币，并已于2022年完成了C轮，交易金额1亿美元。";"从事信息科技、计算机科技、电子科技、数码科技领域内的技术开发、技术咨询、技术服务、技术转让，电子产品、通讯器材、仪器仪表、电子元器件、计算机、软件及辅助设备（除计算机信息系统安全专用产品）批发、进出口、佣金代理（拍卖除外），软件开发，电子产品制造加工。【依法须经批准的项目，经相关部门批准后方可开展经营活动】";"否";"-";"英众信息";"-";"计算机及配套产品"
"深圳嘉思博科技有限公司";"深圳市龙岗区龙岗街道南联社区龙岗大道（龙岗段）6001号海航国兴花园南苑6AB栋B601G";"有限责任公司";"2012-05-08 00:00:00";2012.0;"广东省";"深圳市";"龙岗区";"批发业";"0";"0";"10万人民币";"一百万以下";"存续";"-";"深圳市龙岗区龙岗街道南联社区龙岗大道（龙岗段）6001号海航国兴花园南苑6AB栋B601G";"91440300595653122J";"59565312-2";"59565312-2";"深圳嘉思博科技有限公司，成立于2012年，位于广东省深圳市，是一家以从事批发业为主的企业。企业注册资本10万人民币，超过了35%的广东省同行。";"电子产品、数码产品的技术开发与购销；国内贸易（法律、行政法规、国务院决定规定在登记前须经批准的项目除外）；货物及技术进出口（法律、行政法规禁止的项目除外；法律、行政法规限制的项目须取得许可后方可经营）。五金产品批发；五金产品零售；五金产品研发；食用农产品批发；食用农产品零售；服装服饰批发；服装服饰零售；针纺织品销售；针纺织品及原料销售；日用百货销售；体育用品及器材批发；体育用品及器材零售；户外用品销售；劳保用品批发；成人情趣用品销售（不含药品、医疗器械）；个人卫生用品销售；技术服务、技术开发、技术咨询、技术交流、技术转让、技术推广；第一类医疗器械销售。汽车零配件批发；汽车零配件零售。（除依法须经批准的项目外，凭营业执照依法自主开展经营活动）^五金产品制造；塑胶表面处理；第二类医疗器械销售；电子烟零售。（依法须经批准的项目，经相关部门批准后方可开展经营活动，具体经营项目以相关部门批准文件或许可证件为准）";"否";"-";"嘉思博";"-";"无人机产品"
"深圳市道通智能航空技术股份有限公司";"深圳市南山区桃源街道长源社区学苑大道1001号南山智园B1栋601、701、801、901";"其他股份有限公司（非上市）";"2014-05-29 00:00:00";2014.0;"广东省";"深圳市";"南山区";"航空运输业";"587";"大于等于5百，小于1千";"15908.3536万人民币";"一亿（含）至五十亿";"存续";"深圳市道通智能航空技术有限公司";"深圳市南山区桃源街道长源社区学苑大道1001号南山智园B1栋601、701、801、901";"91440300306077254B";"30607725-4";"30607725-4";"深圳市道通智能航空技术股份有限公司 （曾用名：深圳市道通智能航空技术有限公司） ，成立于2014年，道通科技成员，位于广东省深圳市，是一家以从事航空运输业为主的企业。企业注册资本15908.3536万人民币，超过了97%的广东省同行，实缴资本15908.3536万人民币，并已于2021年完成了Pre-IPO。";"一般经营项目是：民用航空电子设备、自动控制设备、民用无人驾驶航空器、无线电数据传输系统、拍摄装备、摄像机产品、电子元器件、计算机软件应用的技术开发、批发；经营进出口业务；软件技术信息咨询; 房屋租赁，物业管理，水电暖供应，通信管网出租及维护。智能无人飞行器制造；智能无人飞行器销售；信息技术咨询服务。（除依法须经批准的项目外，凭营业执照依法自主开展经营活动），许可经营项目是：民用航空电子设备、自动控制设备、民用无人驾驶航空器、无线电数据传输系统、拍摄装备、摄像机产品、电子元器件、计算机软件的生产 。";"否";"-";"道通智能";"-";"无人机产品"
"深圳市东鹏尚电子有限公司";"深圳市福田区华强北街道荔村社区华强北路2006号华联发大厦5层532室";"有限责任公司";"2008-06-13 00:00:00";2008.0;"广东省";"深圳市";"福田区";"科技推广和应用服务业";"-";"-";"500万人民币";"五百万（含）至一千万";"存续";"-";"深圳市福田区华强北街道华航社区振兴路144号上步工业区205栋5A14";"91440300674808321E";"67480832-1";"67480832-1";"深圳市东鹏尚电子有限公司，成立于2008年，位于广东省深圳市，是一家以从事科技推广和应用服务业为主的企业。企业注册资本500万人民币，超过了79%的广东省同行，实缴资本50万人民币。";"通信产品系统集成软件的技术开发，电子产品的技术开发与销售，电器产品的购销及其他国内商业、物资供销业。电子产品销售；电子元器件批发；电子元器件零售；网络设备销售；通讯设备销售；计算机软硬件及辅助设备零售；太阳能热发电产品销售；太阳能热发电装备销售；金属成形机床销售；包装材料及制品销售；生态环境材料销售；五金产品批发；五金产品零售；配电开关控制设备销售；电器辅件销售；金属工具销售；电工器材销售；光伏设备及元器件销售；电线、电缆经营；模具销售；泵及真空设备销售；阀门和旋塞销售；机械零件、零部件销售；防腐材料销售；保温材料销售；环境保护专用设备销售；光纤销售；光缆销售；化工产品销售（不含许可类化工产品）；其他化工产品批发；橡胶制品销售；生态环境监测及检测仪器仪表销售；电子元器件与机电组件设备销售；电子测量仪器销售；电力电子元器件销售；试验机销售；导航、测绘、气象及海洋专用仪器销售；光伏发电设备租赁；3D打印基础材料销售；合成材料销售；油墨销售（不含危险化学品）；功能玻璃和新型光学材料销售；工程塑料及合成树脂销售；高性能纤维及复合材料销售；金属基复合材料和陶瓷基复合材料销售；软磁复合材料销售；软件销售；软件开发；通信设备销售；国内贸易代理。（除依法须经批准的项目外，凭营业执照依法自主开展经营活动）^技术进出口；货物进出口。（依法须经批准的项目，经相关部门批准后方可开展经营活动，具体经营项目以相关部门批准文件或许可证件为准）";"否";"-";"东鹏尚电子";"-";"电子元器件"
"深圳市华源世通科技有限公司";"深圳市福田区华强北街道福强社区华强北路1002号赛格广场3203AB室";"有限责任公司（自然人独资）";"2006-06-12 00:00:00";2006.0;"广东省";"深圳市";"福田区";"批发业";"0";"0";"100万人民币";"一百万（含）至五百万";"存续";"-";"深圳市福田区华强北街道福强社区华强北路1002号赛格广场3203AB室";"914403007904513828";"79045138-2";"79045138-2";"深圳市华源世通科技有限公司，成立于2006年，位于广东省深圳市，是一家以从事批发业为主的企业。企业注册资本100万人民币，超过了63%的广东省同行，实缴资本100万人民币。";"电子产品的购销及国内商业、物资供销业（不含专营、专控、专卖商品）；从事货物、技术进出口业务（不含分销、国家专营专控商品）。^";"否";"-";"华源世通";"-";"电子元器件"
"深圳市佳创伟业科技有限公司";"深圳市福田区华强北街道华航社区振华路163号飞亚达大厦西座518";"有限责任公司";"2012-07-25 00:00:00";2012.0;"广东省";"深圳市";"福田区";"批发业";"3";"10以下";"50万人民币";"一百万以下";"存续";"-";"深圳市福田区华强北街道华航社区深南中路3006号佳和华强大厦A座27层01";"91440300050471791L";"05047179-1";"05047179-1";"深圳市佳创伟业科技有限公司，成立于2012年，位于广东省深圳市，是一家以从事批发业为主的企业。企业注册资本50万人民币，超过了52%的广东省同行，实缴资本50万人民币。";"电子产品、电子元器件、仪器仪表及其周边产品的技术开发与销售，国内贸易（以上均不含法律、行政法规、国务院决定规定在登记前须经批准的项目）；经营进出口业务（法律、行政法规规定禁止的项目除外；法律、行政法规规定限制的项目须取得许可证后方可经营）。^";"否";"-";"佳创伟业";"-";"电子元器件"
"深圳市卡斯普科技有限公司";"深圳市宝安区沙井街道新二社区庄村路50号B栋802";"有限责任公司（自然人独资）";"2009-08-10 00:00:00";2009.0;"广东省";"深圳市";"宝安区";"软件和信息技术服务业";"-";"-";"200万人民币";"一百万（含）至五百万";"存续";"-";"深圳市宝安区沙井街道新二社区庄村路50号B栋802";"914403006925168328";"69251683-2";"69251683-2";"深圳市卡斯普科技有限公司，成立于2009年，位于广东省深圳市，是一家以从事软件和信息技术服务业为主的企业。企业注册资本200万人民币，超过了74%的广东省同行，实缴资本200万人民币。";"计算机软硬件的技术开发；汽车配件、汽车电子、汽车电动门、汽车液晶仪表、汽车倒车影像、行车记录仪、汽车安全与防盗设备、车载显示器、汽车多媒体、汽车音响、汽车功放、汽车智能系统的技术开发与销售；物业服务；自有物业租赁；不动产租赁服务；国内贸易；货物及技术进出口。（法律、行政法规、国务院决定禁止的项目除外，限制的项目须取得许可后方可经营）^车载导航的生产加工；汽车配件、汽车电子、汽车电动门、汽车液晶仪表、汽车倒车影像、行车记录仪、汽车安全与防盗设备、车载显示器、汽车多媒体、汽车音响、汽车功放、汽车智能系统的生产。";"否";"-";"卡斯普";"-";"汽车音影；汽车智能导航"
"深圳市诺普迅电子科技有限公司";"深圳市福田区福田街道福南社区深南中路3027号嘉汇新城汇商中心3808";"有限责任公司";"2016-07-19 00:00:00";2016.0;"广东省";"深圳市";"福田区";"计算机、通信和其他电子设备制造业";"4";"10以下";"100万人民币";"一百万（含）至五百万";"存续";"-";"深圳市福田区福田街道福南社区深南中路3027号嘉汇新城汇商中心3808";"91440300MA5DGMHB3T";"MA5DGMHB-3";"MA5DGMHB-3";"深圳市诺普迅电子科技有限公司，成立于2016年，位于广东省深圳市，是一家以从事计算机、通信和其他电子设备制造业为主的企业。企业注册资本100万人民币，超过了49%的广东省同行。";"电子产品、电子数码产品、集路电板、电子元器件、LED照明产品的技术研发、技术服务与销售；经营电子商务（涉及前置性行政许可的，须取得前置性行政许可文件后方可经营）；国内贸易，货物及技术进出口。（法律、行政法规、国务院决定禁止的项目除外，限制的项目须取得许可后方可经营）^电子产品、电子数码产品、集路电板、电子元器件、LED照明产品的加工、组装。";"否";"-";"诺普迅";"-";"电子元器件"
"深圳市森拓半导体有限公司";"深圳市福田区华强北街道华航社区中航路7号鼎诚国际大厦808-908";"有限责任公司";"2023-01-03 00:00:00";2023.0;"广东省";"深圳市";"福田区";"批发业";"-";"-";"100万人民币";"一百万（含）至五百万";"存续";"-";"深圳市福田区华强北街道华航社区中航路7号鼎诚国际大厦808-908";"91440300MA5HM9FYXX";"MA5HM9FY-X";"MA5HM9FY-X";"深圳市森拓半导体有限公司，成立于2023年，位于广东省深圳市，是一家以从事批发业为主的企业。企业注册资本100万人民币，超过了63%的广东省同行。";"一般经营项目是：电子元器件批发；电子元器件零售；电力电子元器件销售；电子元器件与机电组件设备销售；半导体分立器件销售；半导体照明器件销售；半导体器件专用设备销售；电子产品销售。（除依法须经批准的项目外，凭营业执照依法自主开展经营活动），许可经营项目是：无";"否";"-";"森拓半导体";"-";"半导体"
"深圳市深创辉科技有限公司";"深圳市福田区华强北街道华航社区振华路118号华丽大院2栋6层602";"有限责任公司（自然人独资）";"2004-08-12 00:00:00";2004.0;"广东省";"深圳市";"福田区";"计算机、通信和其他电子设备制造业";"-";"-";"500万人民币";"五百万（含）至一千万";"存续";"-";"深圳市福田区华强北街道华航社区振华路118号华丽大院2栋6层602";"91440300764992003P";"76499200-3";"76499200-3";"深圳市深创辉科技有限公司，成立于2004年，位于广东省深圳市，是一家以从事计算机、通信和其他电子设备制造业为主的企业。企业注册资本500万人民币，超过了80%的广东省同行，实缴资本230万人民币。";"电子产品、电子元器的技术开发与销售，国内商业、物资供销业、货物及技术进出口业务。（以上不含限制项目及专营、专控、专卖商品）（法律、行政法规、国务院决定禁止的项目除外，限制的项目须取得许可后方可经营）^";"否";"-";"深创辉";"-";"数据通信产品"
"深圳市鑫景福科技有限公司";"深圳市宝安区福海街道新和社区富桥三区龙辉工业园6号厂房101、201";"有限责任公司";"2012-04-01 00:00:00";2012.0;"广东省";"深圳市";"宝安区";"计算机、通信和其他电子设备制造业";"-";"-";"1000万人民币";"一千万（含）至五千万";"存续";"深圳市景福线路板有限公司";"深圳市宝安区福海街道新和社区富桥三区龙辉工业园6号厂房101、201";"91440300593037887H";"59303788-7";"59303788-7";"深圳市鑫景福科技有限公司 （曾用名：深圳市景福线路板有限公司） ，成立于2012年，位于广东省深圳市，是一家以从事计算机、通信和其他电子设备制造业为主的企业。企业注册资本1000万人民币，超过了89%的广东省同行，实缴资本100万人民币。";"一般经营项目是：高精度SMT贴片、汽车电子产品、智能家居、工业控制及通讯设备、电子产品（线路板装配和整机）的研发、销售和相应的技术服务；电子元器件、线路板、五金配件、模具的技术开发与销售；国内贸易、货物及技术进出口。（法律、行政法规或者国务院 决定禁止和规定在登记前须经批准的项目除外）；非居住房地产租赁。（除依法须经批准的项目外，凭营业执照依法自主开展经营活动），许可经营项目是：高精度SMT贴片、汽车电子产品、医疗电子产品、智能家居、工业控制及通讯设备、电子产品（线路板装配和整机）的生产与装配测试；医疗电子产品的销售。物业管理。（依法须经批准的项目，经相关部门批准后方可开展经营活动，具体经营项目以相关部门批准文件或许可证件为准）";"否";"-";"鑫景福";"-";"线路板"
"深圳市亿创芯科技有限公司";"深圳市福田区深南路佳和华强大厦A座第30层08.09";"有限责任公司（自然人投资或控股）";"2012-02-29 00:00:00";2012.0;"广东省";"深圳市";"福田区";"专业技术服务业";"-";"-";"50万人民币";"一百万以下";"存续";"-";"深圳市福田区深南路佳和华强大厦A座第30层08.09";"91440300590715582J";"59071558-2";"59071558-2";"深圳市亿创芯科技有限公司，成立于2012年，位于广东省深圳市，是一家以从事专业技术服务业为主的企业。企业注册资本50万人民币，超过了33%的广东省同行。";"电子产品、电子元器件、发光二极管、发光三极管、电脑配件及其周边产品的技术开发与销售；国内贸易；货物及技术进出口。（法律、行政法规、国务院决定规定在登记前须经批准的项目除外）^";"否";"-";"亿创芯";"-";"电子元器件"
"深圳市真价科技有限公司";"深圳市宝安区新桥街道上星社区上星路万科星城商业中心2栋2206A";"有限责任公司";"2014-03-06 00:00:00";2014.0;"广东省";"深圳市";"宝安区";"零售业";"-";"-";"100万人民币";"一百万（含）至五百万";"存续";"-";"深圳市南山区桃源街道长源社区学苑大道1001号南山智园C2栋508-1";"91440300088528191Q";"08852819-1";"08852819-1";"深圳市真价科技有限公司，成立于2014年，位于广东省深圳市，是一家以从事零售业为主的企业。企业注册资本100万人民币，超过了87%的广东省同行。";"电子产品、通讯设备产品、手机配件、五金制品、塑胶制品、皮具用品和工艺礼品的技术开发与销售；国内贸易；货物及技术进出口。（法律、行政法规、国务院决定规定在登记前须批准的项目除外）；日用品销售。（除依法须经批准的项目外，凭营业执照依法自主开展经营活动）^货物进出口；技术进出口；在线数据处理与交易处理业务（经营类电子商务）。（依法须经批准的项目，经相关部门批准后方可开展经营活动，具体经营项目以相关部门批准文件或许可证件为准）";"否";"-";"真价科技";"-";"手机周边配件"
"深圳斯彼得工业材料有限公司";"深圳市龙岗区龙岗街道南联社区银翠路6号满京华喜悦里华庭二期12座409";"有限责任公司";"2010-04-22 00:00:00";2010.0;"广东省";"深圳市";"龙岗区";"批发业";"0";"0";"2000万人民币";"一千万（含）至五千万";"存续";"-";"深圳市龙岗区龙岗街道南联社区银翠路6号满京华喜悦里华庭二期12座409";"914403005538923791";"55389237-9";"55389237-9";"深圳斯彼得工业材料有限公司，成立于2010年，位于广东省深圳市，是一家以从事批发业为主的企业。企业注册资本2000万人民币，超过了98%的广东省同行，实缴资本200万人民币。";"一般经营项目是：工业材料、机械设备及配件、五金制品、建筑材料、装饰材料的销售（不含再生资源回收经营）；国内贸易，货物及技术进出口。（法律、行政法规或者国务院决定禁止和规定在登记前须经批准的项目除外），许可经营项目是：";"否";"-";"斯彼得材料";"-";"水切割配件"
"深圳一电航空技术有限公司";"深圳市福田区华富街道新田社区深南大道1006号深圳国际创新中心（福田科技广场）A栋十八层";"有限责任公司";"2013-09-02 00:00:00";2013.0;"广东省";"深圳市";"福田区";"航空运输业";"-";"-";"11705.0333万人民币";"一亿（含）至五十亿";"存续";"深圳壹电航空技术有限公司";"深圳市福田区华富街道新田社区深南大道1006号深圳国际创新中心（福田科技广场）A栋十八层";"9144030007751937X0";"07751937-X";"07751937-X";"深圳一电航空技术有限公司 （曾用名：深圳壹电航空技术有限公司） ，成立于2013年，一电科技成员，位于广东省深圳市，是一家以从事航空运输业为主的企业。企业注册资本11705.0333万人民币，超过了97%的广东省同行，并已于2019年完成了A轮。";"执法记录仪产品、警用拍摄装备及器材、无线影音传输产品、电子产品、拍摄装备、摄像机产品、安防产品、无人飞行器系统及设备、飞行器、飞行汽车、有人驾驶飞机、有人驾驶飞行器、卫星、直升机、自转旋翼飞机、航空电子设备、手机、计算机软件的研发与销售；航空拍摄、空中拍照、表演飞行；无人机教育培训、无人机通讯指挥车及控制指挥平台、民用航空器设计；芯片设计、销售；投资兴办实业（具体项目另行申报）；经济信息咨询（不含信托、证券、期货、保险及其它金融业务）；货物及技术进出口。（法律、行政法规、国务院决定规定在登记前须经批准的项目除外）^民用航空器、执法记录仪产品、警用拍摄装备及器材、无线影音传输产品、电子产品、拍摄装备、摄像机产品、安防产品、无人飞行器系统及设备、飞行器、有人驾驶飞机、卫星、直升机、自转旋翼飞机、航空电子设备、民用航空器、手机、计算机软件的生产。芯片生产；增值电信业务（互联网信息服务业务）。";"否";"-";"一电航空";"-";"飞行器系统；无人机系统"
"深圳一电科技有限公司";"深圳市福田区华强北路现代之窗大厦B座10B-1";"有限责任公司";"2005-04-18 00:00:00";2005.0;"广东省";"深圳市";"福田区";"批发业";"-";"-";"20618.5567万人民币";"一亿（含）至五十亿";"存续";"深圳市一电科技有限公司，深圳爱意无线科技有限公司";"深圳市福田区华强北路现代之窗大厦B座10B-1";"914403007741004944";"77410049-4";"77410049-4";"深圳一电科技有限公司 （曾用名：深圳爱意无线科技有限公司） ，成立于2005年，一电科技成员，位于广东省深圳市，是一家以从事批发业为主的企业。企业注册资本20618.5567万人民币，超过了99%的广东省同行，实缴资本20000万人民币。";"一般经营项目是：金属新材料、非金属新材料的技术开发与销售；国内贸易；无线影音传输产品、电子产品、拍摄装备、摄像机产品、安防产品、无人飞行器系统、飞行器、飞行汽车、有人驾驶飞机、有人驾驶飞行器、卫星、直升机、自转旋翼飞机、航空电子设备及设备、手机的技术开发与销售，计算机软件的技术开发、购销；无人机的技术服务、技术咨询；芯片的设计、销售；经营进出口业务；信息咨询；投资兴办实业（具体项目另行申报）；自有房屋租赁。（法律、行政法规、国务院决定禁止的项目除外，限制的项目须取得许可后方可经营），许可经营项目是：执法记录仪产品、警用装备及器材的研发、生产与销售；无线影音传输产品、电子产品、拍摄装备、摄像机产品、安防产品、无人飞行器系统、飞行器、有人驾驶飞机、卫星、直升机、自转旋翼飞机、航空电子设备及设备、手机、芯片的生产；增值电信业务（互联网信息服务业务）。";"否";"-";"一电科技";"-";"无人机系统；高端智能光电系统"
"深圳云天励飞技术股份有限公司";"深圳市龙岗区园山街道荷坳社区龙岗大道8288号大运软件小镇36栋4F05（在深圳市龙岗区龙岗街道龙城大道29号龙年大厦1701处设有经营场所从事经营活动）";"股份有限公司（港澳台投资、上市）";"2014-08-27 00:00:00";2014.0;"广东省";"深圳市";"龙岗区";"计算机、通信和其他电子设备制造业";"566";"大于等于5百，小于1千";"35513.372万人民币";"一亿（含）至五十亿";"存续";"深圳云天励飞技术有限公司";"深圳市龙岗区园山街道龙岗大道8288号深圳大运软件小镇17栋1楼（在深圳市龙岗区回龙路乐年广场13B栋1402处设有经营场所从事经营活动）";"9144030031203308XX";"31203308-X";"31203308-X";"深圳云天励飞技术股份有限公司 （曾用名：深圳云天励飞技术有限公司） ，成立于2014年，云天励飞成员，位于广东省深圳市，是一家以从事计算机、通信和其他电子设备制造业为主的企业。企业注册资本35513.372万人民币，超过了99%的广东省同行，实缴资本8367.208万人民币。";"一般经营项目是：计算机数据库，计算机系统分析；提供计算机技术服务；网络商务服务、数据库服务、数据库管理；从事信息技术、电子产品、生物技术、化工产品、建筑建材、机械设备等领域内的技术开发、技术咨询、技术服务、技术转让；计算机编程；计算机软件设计；计算机及相关设备的销售；信息系统集成；从事货物、技术进出口业务；工程服务、工程施工。机械设备租赁；计算机及通讯设备租赁；租赁服务（不含许可类租赁服务）。储能技术服务；合同能源管理；节能管理服务。（除依法须经批准的项目外，凭营业执照依法自主开展经营活动），许可经营项目是：芯片的设计、研发、生产、测试、加工、销售、咨询及技术服务。第二类医疗器械销售；第三类医疗器械经营。（依法须经批准的项目，经相关部门批准后方可开展经营活动，具体经营项目以相关部门批准文件或许可证件为准）";"否";"-";"云天励飞";"-";"人工智能芯片"
"诗瓦贝光电（深圳）有限公司";"深圳市坪山区坪山街道和平社区坪山大道4044号16A1619";"有限责任公司（外国法人独资）";"2009-03-20 00:00:00";2009.0;"广东省";"深圳市";"坪山区";"批发业";"0";"0";"100万美元";"五百万（含）至一千万";"存续";"诗瓦贝光电（梅州）有限公司";"深圳市坪山区坪山街道和平社区坪山大道4044号16A1619";"91441400686355518J";"68635551-8";"68635551-8";"诗瓦贝光电（深圳）有限公司 （曾用名：诗瓦贝光电（梅州）有限公司） ，成立于2009年，位于广东省深圳市，是一家以从事批发业为主的企业。企业注册资本100万美元，超过了95%的广东省同行。";"一般经营项目是：通用仪器仪表、照明产品。一类和二类医疗仪器设备、器械（不含三类）；测量仪器、控制设备、光学产品、监控设备和公共安全设备、电路板和贴片、发光二极管和电子元器件、LED电子屏、电子驱动器、变压器、转换器、金属制品和模具、安防装置、安全管控和交通管控系统和产品、生产设备、电脑产品和网络技术、通用零配件及组件的销售；以及产品设计与开发服务，经贸咨询和货物运输服务，展览展示服务和翻译服务，货物进出口业务。，许可经营项目是：";"否";"-";"诗瓦贝光电";"-";"通用仪器仪表；照明产品"
"思腾合力（天津）科技有限公司";"天津经济技术开发区逸仙科学工业园翠浦道1号";"有限责任公司";"2018-07-24 00:00:00";2018.0;"天津市";"天津市";"滨海新区";"计算机、通信和其他电子设备制造业";"102";"大于等于1百，小于5百";"2416万人民币";"一千万（含）至五千万";"存续";"-";"天津经济技术开发区逸仙科学工业园翠浦道1号";"91120116MA06DRM4XY";"MA06DRM4-X";"MA06DRM4-X";"思腾合力（天津）科技有限公司，成立于2018年，承启成员，位于天津市，是一家以从事计算机、通信和其他电子设备制造业为主的企业。企业注册资本2416万人民币，超过了87%的天津市同行，实缴资本2416万人民币。";"计算机生产及组装；计算机系统集成；销售计算机及配套产品；计算机加速计算数据处理服务；人工智能技术研究、技术推广服务；视觉计算研究技术推广服务；计算机系统服务；软件技术开发及软件销售；计算机租赁；文化用品批发兼零售；自营和代理货物及技术进出口。（依法须经批准的项目，经相关部门批准后方可开展经营活动）";"否";"-";"思腾合力";"-";"计算机及配套产品"
"苏州电讯电机厂有限公司";"苏州市胥江路482号";"有限责任公司";"1980-11-25 00:00:00";1980.0;"江苏省";"苏州市";"姑苏区";"电气机械和器材制造业";"81";"1百以下";"1973.94万人民币";"一千万（含）至五千万";"存续";"苏州电讯电机厂";"苏州市姑苏区胥江路482号";"91320508137698921H";"13769892-1";"13769892-1";"苏州电讯电机厂有限公司 （曾用名：苏州电讯电机厂） ，成立于1980年，苏州电讯电机厂成员，位于江苏省苏州市，是一家以从事电气机械和器材制造业为主的企业。企业注册资本1973.94万人民币，超过了88%的江苏省同行，实缴资本1973.94万人民币。";"生产开发销售：微特电机，为外贸加工电机、家用电器；物业管理、停车场管理。（依法须经批准的项目，经相关部门批准后方可开展经营活动）一般项目：风机、风扇销售（除依法须经批准的项目外，凭营业执照依法自主开展经营活动）";"否";"-";"电迅电机";"-";"微特电机和轴流风机"
"苏州科达科技股份有限公司";"江苏省苏州高新区金山路131号";"股份有限公司（上市、自然人投资或控股）";"2004-06-10 00:00:00";2004.0;"江苏省";"苏州市";"虎丘区";"计算机、通信和其他电子设备制造业";"815";"大于等于5百，小于1千";"49417.2365万人民币";"一亿（含）至五十亿";"存续";"苏州科达科技有限公司";"江苏省苏州高新区金山路131号";"91320500761504983A";"76150498-3";"76150498-3";"苏州科达科技股份有限公司 （曾用名：苏州科达科技有限公司） ，成立于2004年，苏州科达成员，位于江苏省苏州市，是一家以从事计算机、通信和其他电子设备制造业为主的企业。企业注册资本49417.2365万人民币，超过了99%的江苏省同行，并已于2023年完成了定向增发。";"研发、生产包括数字音、视频编解码器和视频会议、视频监控平台、电子显示设备在内的网络通讯设备及软件、以及包含IC卡读写机、移动电话机和配件在内的无线通讯产品及软件；销售自产产品，提供自产产品的出租服务，并提供相应的工程安装和技术维护服务；建筑智能化系统、音视频系统、计算机网络信息系统的设计、安装、系统集成、维护和咨询等技术服务；计算机软硬件技术开发，技术咨询与技术服务，无人机、电子产品、集成电路产品的研发、生产和销售，提供大数据、云计算、云存储、智慧城市、智能交通、安防工程的服务和设计。汽车互联信息系统软件技术开发，技术咨询与技术服务；车载电子产品、汽车互联信息系统终端产品、智能车载设备的研发、生产和销售。自营和代理各类商品及技术的进出口业务（国家限定企业经营或禁止进出口的商品和技术除外）。（依法须经批准的项目，经相关部门批准后方可开展经营活动）（以工商核准为准） 一般项目：计算机软硬件及外围设备制造（除依法须经批准的项目外，凭营业执照依法自主开展经营活动）";"是";"A股";"苏州科达";"603660";"视频会议、视频监控平台"
"苏州盛科通信股份有限公司";"苏州工业园区江韵路258号";"股份有限公司（外商投资、上市）";"2005-01-31 00:00:00";2005.0;"江苏省";"苏州市";"苏州工业园区";"计算机、通信和其他电子设备制造业";"431";"大于等于1百，小于5百";"41000万人民币";"一亿（含）至五十亿";"存续";"盛科网络（苏州）有限公司";"苏州工业园区江韵路258号";"91320594769869338K";"76986933-8";"76986933-8";"苏州盛科通信股份有限公司 （曾用名：盛科网络（苏州）有限公司） ，成立于2005年，中国电子信息产业集团成员，位于江苏省苏州市，是一家以从事计算机、通信和其他电子设备制造业为主的企业。企业注册资本41000万人民币，超过了99%的江苏省同行，并已于2023年完成了IPO上市，交易金额21.33亿人民币。";"开发、设计通讯网络集成电路芯片和通讯网络系统及软件；研发生产芯片、以太网交换机；销售本公司所生产及开发的产品并提供相关的服务。（依法须经批准的项目，经相关部门批准后方可开展经营活动）";"是";"科创板";"盛科通信";"688702";"以太网交换芯片"
"苏州天工测试技术有限公司";"苏州市漕湖街道永昌路28号ESR苏相现代产业园F栋01单元";"有限责任公司（自然人投资或控股）";"2012-02-08 00:00:00";2012.0;"江苏省";"苏州市";"苏州工业园区";"专业技术服务业";"14";"1百以下";"1000万人民币";"一千万（含）至五千万";"存续";"苏州天工环境测试科技有限公司";"苏州市吴中区木渎镇尧峰西路70号15号厂房1-2层";"91320505589983520C";"58998352-0";"58998352-0";"苏州天工测试技术有限公司 （曾用名：苏州天工环境测试科技有限公司） ，成立于2012年，天工测试成员，位于江苏省苏州市，是一家以从事专业技术服务业为主的企业。企业注册资本1000万人民币，超过了84%的江苏省同行，实缴资本205万人民币。";"测试技术服务；实验室试验仪器和设备以及相关产品和配件的研发、生产、销售、修理和保养，软件的研发、销售、维护，并提供上述产品的技术服务及技术咨询、测试服务；机械设备租赁；（依法须经批准的项目，经相关部门批准后方可开展经营活动）";"否";"-";"天工测试";"-";"数字化振动台"
"苏州天工力学测试技术有限公司";"苏州高新区泰山路99号第4幢建筑生产厂房3楼西半部分";"有限责任公司（自然人投资或控股的法人独资）";"2018-03-19 00:00:00";2018.0;"江苏省";"苏州市";"虎丘区";"研究和试验发展";"22";"1百以下";"500万人民币";"五百万（含）至一千万";"存续";"-";"苏州高新区泰山路99号第4幢建筑生产厂房3楼西半部分";"91320505MA1W7PAX8F";"MA1W7PAX-8";"MA1W7PAX-8";"苏州天工力学测试技术有限公司，成立于2018年，天工测试成员，位于江苏省苏州市，是一家以从事研究和试验发展为主的企业。企业注册资本500万人民币，超过了57%的江苏省同行，实缴资本323.7559万人民币。";"实验室力学设备和仪器及相关产品和配件的测试、研发、生产、销售、修理和保养，软件的开发、销售、维护，并提供上述产品的技术服务、技术咨询。";"否";"-";"天工力学";"-";"实验室力学设备和仪器"
"太原依福特设备制造有限公司";"山西综改示范区太原学府园区长治西巷9号万立科技办公楼四层";"有限责任公司（自然人投资或控股）";"2006-06-19 00:00:00";2006.0;"山西省";"太原市";"山西转型综合改革示范区";"科技推广和应用服务业";"22";"1百以下";"500万人民币";"五百万（含）至一千万";"存续";"-";"山西综改示范区太原学府园区长治西巷9号万立科技办公楼四层";"9114010079022346X3";"79022346-X";"79022346-X";"太原依福特设备制造有限公司，成立于2006年，位于山西省太原市，是一家以从事科技推广和应用服务业为主的企业。企业注册资本500万人民币，超过了72%的山西省同行，实缴资本50万人民币。";"滤波器、加固机的生产（通过环保部门审批后方可生产）、销售及技术咨询服务；电子专用设备的改造；屏蔽材料、工矿配件的销售。（依法须经批准的项目，经相关部门批准后方可开展经营活动）";"否";"-";"依福特";"-";"EMI滤波器"
"武汉锐科光纤激光技术股份有限公司";"湖北省武汉市东湖新技术开发区未来科技城龙山南街一号";"其他股份有限公司（上市）";"2007-04-06 00:00:00";2007.0;"湖北省";"武汉市";"江夏区";"研究和试验发展";"1669";"大于等于1千，小于5千";"56482.1828万人民币";"一亿（含）至五十亿";"存续";"武汉锐科光纤激光器技术有限责任公司";"湖北省武汉市东湖新技术开发区未来科技城龙山南街一号";"914201007997656362";"79976563-6";"79976563-6";"武汉锐科光纤激光技术股份有限公司 （曾用名：武汉锐科光纤激光器技术有限责任公司） ，成立于2007年，中国航天科工集团成员，位于湖北省武汉市，是一家以从事研究和试验发展为主的企业。企业注册资本56482.1828万人民币，超过了99%的湖北省同行，实缴资本9593.38474万人民币，并已于2019年完成了定向增发。";"大功率脉冲及连续光纤激光器、大功率半导体激光器、固体激光器、光学及光电子元器件的研究、开发、生产、批发兼零售、维修服务、技术咨询；激光精密加工设备的研发、生产、批发兼零售、维修服务；激光器控制软件设计、开发、批发兼零售、维修服务；单位自有房屋租赁；货物进出口、技术进出口、代理进出口（不含国家禁止或限制进出口的货物或技术）。（依法须经审批的项目，经相关部门审批后方可开展经营活动）";"是";"A股";"锐科激光";"300747";"大功率脉冲及连续光纤激光器"
"西安恒达微波技术开发有限公司";"西安市航天基地飞天路485号";"有限责任公司（非自然人投资或控股的法人独资）";"1993-01-03 00:00:00";1993.0;"陕西省";"西安市";"雁塔区";"计算机、通信和其他电子设备制造业";"425";"大于等于1百，小于5百";"3280万人民币";"一千万（含）至五千万";"存续";"西安恒达微波有限责任公司，西安恒达微波技术开发公司";"西安市航天基地飞天路485号";"91610138220928660T";"22092866-0";"22092866-0";"西安恒达微波技术开发有限公司 （曾用名：西安恒达微波有限责任公司） ，成立于1993年，雷科防务成员，位于陕西省西安市，是一家以从事计算机、通信和其他电子设备制造业为主的企业。企业注册资本3280万人民币，超过了91%的陕西省同行，实缴资本3280万人民币，并已于2019年完成了并购，交易金额5.625亿人民币。";"微波元器件、微波天线、伺服控制系统、雷达设备、广电设备、通讯设备（不含地面卫星接收设备）、微电子产品、机械产品、计算机软硬件及电磁兼容设备的研发、生产、销售、维修及技术咨询服务；普通货物运输；货物及技术的进出口业务（国家禁止或限制进出口的货物和技术除外）。（依法须经批准的项目，经相关部门批准后方可开展经营活动）";"否";"-";"恒达微波";"-";"微波元器件"
"西安丽科创新信息技术有限公司";"陕西省西安市碑林区二环南路东段323号1号楼2914室";"有限责任公司（自然人投资或控股）";"2017-01-17 00:00:00";2017.0;"陕西省";"西安市";"碑林区";"软件和信息技术服务业";"2";"10以下";"1000万人民币";"一千万（含）至五千万";"存续";"-";"陕西省西安市碑林区二环南路东段323号1号楼2914室";"91610103MA6U19PH3L";"MA6U19PH-3";"MA6U19PH-3";"西安丽科创新信息技术有限公司，成立于2017年，位于陕西省西安市，是一家以从事软件和信息技术服务业为主的企业。企业注册资本1000万人民币，超过了87%的陕西省同行，实缴资本366.49万人民币。";"一般项目：家用电器销售；计算机软硬件及辅助设备批发；通讯设备销售；办公设备销售；计算机软硬件及辅助设备零售；软件销售；网络设备销售；安防设备销售；网络技术服务；人工智能基础资源与技术平台；大数据服务；软件开发；人工智能基础软件开发；人工智能应用软件开发；网络与信息安全软件开发；智能机器人的研发；信息系统集成服务；人工智能行业应用系统集成服务；信息系统运行维护服务；数据处理和存储支持服务；信息技术咨询服务；地理遥感信息服务；数据处理服务；计算机系统服务；计算机及通讯设备租赁；技术服务、技术开发、技术咨询、技术交流、技术转让、技术推广；云计算设备、计算机软硬件及外围设备、信息安全设备制造（仅限分支机构经营）。（除依法须经批准的项目外，凭营业执照依法自主开展经营活动）";"否";"-";"西安丽科";"-";"家用电器销售；计算机软硬件及辅助设备批发；通讯设备销售；"
"新疆大全新能源股份有限公司";"新疆石河子经济开发区化工新材料产业园纬六路16号";"股份有限公司（外商投资、上市）";"2011-02-22 00:00:00";2011.0;"新疆维吾尔自治区";"自治区直辖县级行政区划";"石河子市";"电力、热力生产和供应业";"2533";"大于等于1千，小于5千";"214493.7715万人民币";"一亿（含）至五十亿";"存续";"新疆大全新能源有限公司";"新疆石河子经济开发区化工 新材料产业园纬六路16号";"9165000056438859XD";"56438859-X";"56438859-X";"新疆大全新能源股份有限公司 （曾用名：新疆大全新能源有限公司） ，成立于2011年，大全能源成员，位于新疆维吾尔自治区自治区直辖县级行政区划，是一家以从事电力、热力生产和供应业为主的企业。企业注册资本214493.7715万人民币，超过了99%的新疆维吾尔自治区同行，实缴资本214493.77万人民币，并已于2022年完成了定向增发，交易金额110亿人民币。";"一般项目：非金属矿及制品销售；电子专用材料制造；电子专用材料销售；光伏设备及元器件制造；光伏设备及元器件销售；技术服务、技术开发、技术咨询、技术交流、技术转让、技术推广；货物进出口；技术进出口（除依法须经批准的项目外，凭营业执照依法自主开展经营活动）许可项目：危险化学品生产；危险化学品经营；特种设备安装改造修理（依法须经批准的项目，经相关部门批准后方可开展经营活动，具体经营项目以相关部门批准文件或许可证件为准）";"是";"科创板";"大全能源";"688303";"高纯多晶硅料"
"新疆熙菱信息技术股份有限公司";"新疆乌鲁木齐市高新区（新市区）北京南路358号大成国际大厦10层";"股份有限公司（上市、自然人投资或控股）";"1999-07-29 00:00:00";1999.0;"新疆维吾尔自治区";"乌鲁木齐市";"新市区";"软件和信息技术服务业";"85";"1百以下";"19147.103万人民币";"一亿（含）至五十亿";"存续";"新疆熙菱信息技术有限公司，新疆西菱信息技术有限公司";"乌鲁木齐北京南路358号大成国际大厦10楼";"91650100298827325R";"29882732-5";"29882732-5";"新疆熙菱信息技术股份有限公司 （曾用名：新疆熙菱信息技术有限公司） ，成立于1999年，熙菱信息成员，位于新疆维吾尔自治区乌鲁木齐市，是一家以从事软件和信息技术服务业为主的企业。企业注册资本19147.103万人民币，超过了99%的新疆维吾尔自治区同行，实缴资本19147.103万人民币，并已于2023年完成了定向增发。";"计算机专业领域的技术咨询、技术服务与技术转让；软件开发、销售与技术服务；数据处理和运营服务；信息安全产品研发、生产、销售、服务及技术咨询；安防工程；工程设计；信息系统集成服务；货物与技术的进出口业务。（依法须经批准的项目，经相关部门批准后方可开展经营活动）";"是";"A股";"熙菱信息";"300588";"电子商务、电子政务管理软件产品"
"亚凌（上海）国际货物运输代理有限公司";"上海市徐汇区天钥桥南路1128号8幢319室";"有限责任公司（自然人投资或控股）";"2005-06-13 00:00:00";2005.0;"上海市";"上海市";"徐汇区";"多式联运和运输代理业";"21";"1百以下";"500万人民币";"五百万（含）至一千万";"存续";"上海凌豪国际货物运输代理有限公司";"中国上海市静安区天目西路218号嘉里不夜城，1座，2509室";"91310104776297577L";"77629757-7";"77629757-7";"亚凌（上海）国际货物运输代理有限公司 （曾用名：上海凌豪国际货物运输代理有限公司） ，成立于2005年，位于上海市，是一家以从事多式联运和运输代理业为主的企业。企业注册资本500万人民币，超过了47%的上海市同行，实缴资本100.0002万人民币。";"一般项目：国际货物运输代理，国内货物运输代理，无船承运业务。（除依法须经批准的项目外，凭营业执照依法自主开展经营活动）";"否";"-";"亚凌货运";"-";"国际货物运输"
"玉沙集团有限公司";"湖北省荆州市监利市容城镇玉沙大道城东工业园";"有限责任公司（自然人投资或控股）";"1998-07-21 00:00:00";1998.0;"湖北省";"荆州市";"监利县";"纺织业";"95";"1百以下";"5188万人民币";"五千万（含）至一亿";"存续";"监利县玉沙织造有限责任公司";"湖北省荆州市监利市容城镇玉沙大道城东工业园";"91421023706973031B";"70697303-1";"70697303-1";"玉沙集团有限公司 （曾用名：监利县玉沙织造有限责任公司） ，成立于1998年，玉沙集团成员，位于湖北省荆州市，是一家以从事纺织业为主的企业。企业注册资本5188万人民币，超过了99%的湖北省同行，实缴资本5188万人民币。";"一般项目 : 针织或钩针编织物及其制品制造;医护人员防护用品生产（Ⅰ类医疗器械）;对外承包工程;货物进出口;技术进出口;工程管理服务;家居用品制造;面料纺织加工;家用纺织制成品制造;面料印染加工;纺纱加工;棉花加工;棉花种植;产业用纺织制成品制造;农产品的生产、销售、加工、运输、贮藏及其他相关服务;农业生产资料的购买、使用;谷物种植;园艺产品种植;农作物秸秆处理及加工利用服务;农业生产托管服务;农业园艺服务;医用包装材料制造;服装制造;劳动保护用品生产;服饰制造;鞋制造;箱包制造;羽毛（绒）及制品制造;第一类医疗器械生产;日用口罩（非医用）生产;母婴用品制造;日用杂品制造;园林绿化工程施工;住房租赁;非居住房地产租赁;纸制品制造;纸和纸板容器制造;纸制造;皮革制品制造;市政设施管理;针纺织品及原料销售;金属材料制造;金属材料销售;再生资源回收（除生产性废旧金属）;再生资源加工;再生资源销售;木材加工;木材销售;木材收购;塑料制品制造;塑料制品销售;信息咨询服务（不含许可类信息咨询服务）;信息技术咨询服务;日用陶瓷制品销售;特种陶瓷制品销售;工艺美术品及礼仪用品销售（象牙及其制品除外）。（除许可业务外，可自主依法经营法律法规非禁止或限制的项目）许可项目 : 卫生用品和一次性使用医疗用品生产;第二类医疗器械生产;医用口罩生产;建设工程施工;房地产开发经营;医护人员防护用品生产（Ⅱ类医疗器械）。（依法须经批准的项目，经相关部门批准后方可开展经营活动，具体经营项目以相关部门批准文件或许可证件为准）";"否";"-";"玉沙集团";"-";"纺织制成品"
"云从科技集团股份有限公司";"广州市南沙区南沙街金隆路37号501房（仅限办公）";"其他股份有限公司（上市）";"2015-03-27 00:00:00";2015.0;"广东省";"广州市";"南沙区";"软件和信息技术服务业";"52";"1百以下";"103693.8787万人民币";"一亿（含）至五十亿";"存续";"广州云从信息科技有限公司";"广州市南沙区南沙街金隆路37号501房（仅限办公）";"914401153314442716";"33144427-1";"33144427-1";"云从科技集团股份有限公司 （曾用名：广州云从信息科技有限公司） ，成立于2015年，位于广东省广州市，是一家以从事软件和信息技术服务业为主的企业。企业注册资本103693.8787万人民币，超过了99%的广东省同行，实缴资本103693.8787万人民币，并已于2022年完成了IPO上市，交易金额17.28亿人民币。";"计算机系统服务;人工智能行业应用系统集成服务;人工智能通用应用系统;人工智能基础资源与技术平台;人工智能公共数据平台;人工智能公共服务平台技术咨询服务;集成电路设计;数字文化创意软件开发;人工智能理论与算法软件开发;网络与信息安全软件开发;人工智能应用软件开发;人工智能基础软件开发;软件开发;数据处理和存储支持服务;物联网技术服务;网络技术服务;5G通信技术服务;信息系统集成服务;智能机器人的研发;广告设计、代理;广告发布（非广播电台、电视台、报刊出版单位）;广告制作;智能机器人销售;信息咨询服务（不含许可类信息咨询服务）;计算机软硬件及辅助设备零售;人工智能硬件销售;人工智能双创服务平台;计算机软硬件及外围设备制造;工业控制计算机及系统制造;计算机软硬件及辅助设备批发;工业控制计算机及系统销售;计算机及通讯设备租赁;计算机及办公设备维修;物联网设备销售;物联网技术研发;通信设备制造;互联网设备制造;网络设备制造;终端测试设备制造;终端计量设备制造;云计算设备制造;物联网设备制造;数字视频监控系统制造;数字视频监控系统销售;安全系统监控服务;电子（气）物理设备及其他电子设备制造;城市轨道交通设备制造;工程管理服务;工程技术服务（规划管理、勘察、设计、监理除外）;物联网应用服务;机械设备租赁;办公设备租赁服务;技术进出口;计算机信息系统安全专用产品销售;货物进出口;建筑智能化工程施工;建筑智能化系统设计;房屋建筑和市政基础设施项目工程总承包;建筑劳务分包;第一类增值电信业务;第二类增值电信业务";"是";"科创板";"云从科技";"688327";"人机协同操作系统"
"长沙景嘉微电子股份有限公司";"长沙高新开发区岳麓西大道1698号麓谷科技创新创业园B1栋902";"股份有限公司（上市、自然人投资或控股）";"2006-04-05 00:00:00";2006.0;"湖南省";"长沙市";"岳麓区";"计算机、通信和其他电子设备制造业";"762";"大于等于5百，小于1千";"45863.2254万人民币";"一亿（含）至五十亿";"存续";"长沙景嘉微电子有限公司，长沙景嘉电子有限公司";"长沙高新开发区岳麓西大道1698号麓谷科技创新创业园B1栋902";"914301007853917172";"78539171-7";"78539171-7";"长沙景嘉微电子股份有限公司 （曾用名：长沙景嘉微电子有限公司） ，成立于2006年，景嘉微成员，位于湖南省长沙市，是一家以从事计算机、通信和其他电子设备制造业为主的企业。企业注册资本45863.2254万人民币，超过了99%的湖南省同行，实缴资本10000万人民币，并已于2018年完成了股权融资。";"电子产品（不含电子出版物）、计算机软件的研究、开发、生产和销售及其相关的技术服务，集成电路设计，微电子产品的研究、开发；电子产品（不含电子出版物）的维修；集成电路的研发、生产、销售及相关的技术服务；微电子产品生产、销售及相关的技术服务；计算机及辅助设备的研究、开发、生产、销售、维修及相关的技术服务；图形图像、信号处理系统及配套产品的研究、开发、生产、销售、维修及相关的技术服务；存储和计算设备、系统及其配套产品的研究、开发、生产、销售、维修及相关的技术服务；微波射频、功放设备及其配套产品的研究、开发、生产、销售、维修及相关的技术服务；通信设备、系统及配套产品研发、生产、销售、维修及相关的技术服务；信息感知、处理、控制设备及系统的研发、制造、销售、维修及技术服务；信息系统集成研发、生产、销售、维修及相关的技术服务；软件研究、开发、销售及技术服务；电子应用技术研究、光机电一体技术研究、开发、生产、销售及技术服务；试验检测、模拟仿真及技术服务。（依法须经批准的项目，经相关部门批准后方可开展经营活动）";"是";"A股";"景嘉微";"300474";"加固型图形芯片"
"浙江大华技术股份有限公司";"杭州市滨江区滨安路1187号";"其他股份有限公司（上市）";"2001-03-12 00:00:00";2001.0;"浙江省";"杭州市";"滨江区";"软件和信息技术服务业";"7969";"大于等于5千，小于1万";"329233.431万人民币";"一亿（含）至五十亿";"存续";"浙江大华信息技术股份有限公司";"杭州市滨江区滨安路1187号";"91330000727215176K";"72721517-6";"72721517-6";"浙江大华技术股份有限公司，成立于2001年，位于浙江省杭州市，是一家以从事软件和信息技术服务业为主的企业。企业注册资本329233.431万人民币，超过了99%的浙江省同行，并已于2023年完成了定向增发，交易金额50.90亿人民币。";"一般项目：软件开发；数字视频监控系统制造；数字视频监控系统销售；安防设备制造；安防设备销售；物联网设备制造；物联网设备销售；物联网技术研发；物联网技术服务；物联网应用服务；大数据服务；5G通信技术服务；计算机软硬件及外围设备制造；计算机软硬件及辅助设备批发；计算机软硬件及辅助设备零售；云计算设备制造；云计算设备销售；云计算装备技术服务；通信设备制造；通信设备销售；移动通信设备制造；移动通信设备销售；网络设备制造；网络设备销售；显示器件制造；显示器件销售；智能无人飞行器制造；智能无人飞行器销售；通用设备制造（不含特种设备制造）；雷达及配套设备制造；配电开关控制设备研发；配电开关控制设备制造；配电开关控制设备销售；仪器仪表制造；仪器仪表销售；电子元器件制造；电子元器件批发；电子元器件零售；光伏设备及元器件制造；光伏设备及元器件销售；安全、消防用金属制品制造；照明器具制造；照明器具销售；机械设备研发；机械设备销售；机械电气设备制造；机械电气设备销售；电子产品销售；可穿戴智能设备制造；可穿戴智能设备销售；金属结构制造；金属结构销售；音响设备制造；音响设备销售；环境保护专用设备制造；环境保护专用设备销售；特种劳动防护用品生产；特种劳动防护用品销售；虚拟现实设备制造；互联网销售（除销售需要许可的商品）；技术服务、技术开发、技术咨询、技术交流、技术转让、技术推广；信息系统集成服务；智能控制系统集成；人工智能公共数据平台；人工智能行业应用系统集成服务；计算机系统服务；互联网数据服务；数据处理和存储支持服务；安全系统监控服务；电子、机械设备维护（不含特种设备）；租赁服务（不含许可类租赁服务）；停车场服务；环境保护监测；货物进出口；技术进出口；充电桩销售；输配电及控制设备制造；智能输配电及控制设备销售；业务培训（不含教育培训、职业技能培训等需取得许可的培训）（除依法须经批准的项目外，凭营业执照依法自主开展经营活动）。许可项目：Ⅱ、Ⅲ类射线装置销售；放射性同位素生产（除正电子发射计算机断层扫描用放射性药物）；Ⅱ、Ⅲ、Ⅳ、Ⅴ类放射源销售；建设工程设计；Ⅱ、Ⅲ类射线装置生产；测绘服务；第二类增值电信业务（依法须经批准的项目，经相关部门批准后方可开展经营活动，具体经营项目以审批结果为准）。";"是";"A股";"大华股份";"002236";"数字摄像机"
"中船鹏力（南京）超低温技术有限公司";"南京市江宁开发区长青街32号";"有限责任公司";"2014-03-27 00:00:00";2014.0;"江苏省";"南京市";"江宁区";"科技推广和应用服务业";"135";"大于等于1百，小于5百";"3000万人民币";"一千万（含）至五千万";"存续";"中船重工鹏力（南京）超低温技术有限公司";"南京市江宁区长青街32号";"91320100093975981A";"09397598-1";"09397598-1";"中船鹏力（南京）超低温技术有限公司 （曾用名：中船重工鹏力（南京）超低温技术有限公司） ，成立于2014年，位于江苏省南京市，是一家以从事科技推广和应用服务业为主的企业。企业注册资本3000万人民币，超过了96%的江苏省同行，实缴资本3000万人民币，并已于2017年完成了股权融资。";"超低温设备、真空冷冻干燥设备、低温设备的研发、生产、销售、安装、技术咨询、技术服务、技术转让及配套服务；工业气体研发；工业气体分离设备、气体净化设备、稀有气体分离成套设备、纯化成套设备、液化成套设备的研发、生产、销售、安装及技术咨询、技术服务、技术转让；自营和代理各类商品及技术的进出口业务（国家限定公司经营或禁止进出口的商品和技术除外）。（依法须经批准的项目，经相关部门批准后方可开展经营活动）许可项目：电气安装服务；特种设备安装改造修理；特种设备设计（依法须经批准的项目，经相关部门批准后方可开展经营活动，具体经营项目以审批结果为准）一般项目：气体、液体分离及纯净设备制造；气体、液体分离及纯净设备销售；海洋工程关键配套系统开发（除依法须经批准的项目外，凭营业执照依法自主开展经营活动）";"否";"-";"中船鹏力";"-";"GM制冷机"
"中电科思仪科技股份有限公司";"山东省青岛市黄岛区香江路98号";"股份有限公司（非上市、国有控股）";"2015-05-08 00:00:00";2015.0;"山东省";"青岛市";"黄岛区";"仪器仪表制造业";"1546";"大于等于1千，小于5千";"82583.45万人民币";"一亿（含）至五十亿";"存续";"中电科仪器仪表有限公司";"山东省青岛市黄岛区香江路98号";"913702113341616485";"33416164-8";"33416164-8";"中电科思仪科技股份有限公司 （曾用名：中电科仪器仪表有限公司） ，成立于2015年，中国电子科技集团成员，位于山东省青岛市，是一家以从事仪器仪表制造业为主的企业。企业注册资本82583.45万人民币，超过了99%的山东省同行，实缴资本82583.45万人民币，并已于2020年完成了A轮，交易金额数亿人民币。";"电子测量仪器、元器件、部件及组件的研发、生产、销售、维修、咨询服务；系统集成与软件开发及测试应用与解决方案；货物进出口、技术进出口。经营其它无需行政审批即可经营的一般项目。（依法须经批准的项目，经相关部门批准后方可开展经营活动）";"否";"-";"科思仪";"-";"电子测量仪器"
"中电科芯片技术股份有限公司";"重庆市璧山区璧泉街道永嘉大道111号";"股份有限公司（上市、国有控股）";"1987-11-14 00:00:00";1987.0;"重庆市";"重庆市";"璧山区";"软件和信息技术服务业";"21";"1百以下";"118416.7119万人民币";"一亿（含）至五十亿";"存续";"中国嘉陵工业股份有限公司（集团），中电科能源股份有限公司，中电科声光电科技股份有限公司";"重庆市沙坪坝区西永大道36号附2号西永微电园研发楼3期6栋3层";"91500000202802570Y";"20280257-0";"20280257-0";"中电科芯片技术股份有限公司 （曾用名：中电科声光电科技股份有限公司） ，成立于1987年，中国电子科技集团成员，位于重庆市，是一家以从事软件和信息技术服务业为主的企业。企业注册资本118416.7119万人民币，超过了99%的重庆市同行，实缴资本118416.7119万人民币，并已于2021年完成了定向增发。";"一般项目：电子元器件制造，集成电路设计，集成电路制造，集成电路销售，电力电子元器件销售，计算机系统服务，电子产品销售，5G通信技术服务，物联网技术服务，技术服务、技术开发、技术咨询、技术交流、技术转让、技术推广（除依法须经批准的项目外，凭营业执照依法自主开展经营活动）";"是";"A股";"电能股份";"600877";"模拟集成电路、微声器件、光电器件"
"中国电子科技集团有限公司";"北京市海淀区万寿路27号";"有限责任公司(国有独资）";"2002-02-25 00:00:00";2002.0;"北京市";"北京市";"海淀区";"科技研究和技术服务业";"75";"1百以下";"2000000万人民币";"一百亿（含）至五百亿";"存续";"中国电子科技集团公司";"北京市海淀区万寿路27号";"91110000710929498G";"100000000036399";"71092949-8";"中国电子科技集团有限公司 (曾用名：中国电子科技集团公司） ，成立于2002年，中国电子科技集团成员，位于北京市，是一家以从事研究和试验发展为主的企业。企业注册资本2000000万人民币，超过了99%的北京市同行，实缴资本2000000万人民币。";"承担军事电子装备与系统集成、武器平台电子装备、军用软件和电子基础产品的研制、生产；国防电子信息基础设施与保障条件的建设；承担国家重大电子信息系统工程建设；民用电子信息软件、材料、元器件、整机和系统集成及相关共性技术的科研、开发、生产、销售；自营和代理各类商品及技术的进出口业务（国家限定公司经营或禁止进出口的商品及技术除外）；经营进料加工和“三来一补”业务；经营对销贸易和转口贸易；实业投资；资产管理；从事电子商务信息服务；组织本行业内企业的出国（境）参、办展。（市场主体依法自主选择经营项目，开展经营活动；依法须经批准的项目，经相关部门批准后依批准的内容开展经营活动；不得从事国家和本市产业政策禁止和限制类项目的经营活动。）";"否";"-";"中国电子";"-";"军事电子设备"
"中科寒武纪科技股份有限公司";"北京市海淀区知春路7号致真大厦D座16层1601房";"其他股份有限公司（上市）";"2016-03-15 00:00:00";2016.0;"北京市";"北京市";"海淀区";"科技推广和应用服务业";"546";"大于等于5百，小于1千";"41659.4451万人民币";"一亿（含）至五十亿";"存续";"北京中科寒武纪科技有限公司";"北京市海淀区知春路7号致真大厦D座16层1601房";"91110108MA0044ED5J";"MA0044ED-5";"MA0044ED-5";"中科寒武纪科技股份有限公司 （曾用名：北京中科寒武纪科技有限公司） ，成立于2016年，寒武纪成员，位于北京市，是一家以从事科技推广和应用服务业为主的企业。企业注册资本41659.4451万人民币，超过了99%的北京市同行，实缴资本26000.969万人民币，并已于2021年完成了定向增发。";"技术开发、技术推广、技术转让、技术咨询、技术服务；技术进出口、货物进出口；计算机系统服务；软件开发；销售计算机软件及辅助设备。（市场主体依法自主选择经营项目，开展经营活动；依法须经批准的项目，经相关部门批准后依批准的内容开展经营活动；不得从事国家和本市产业政策禁止和限制类项目的经营活动。）";"是";"-";"寒武纪";"688256";"人工智能芯片"
"中科星图股份有限公司";"北京市顺义区临空经济核心区机场东路2号（产业园1A-4号1、5、7层）";"其他股份有限公司（上市）";"2006-01-20 00:00:00";2006.0;"北京市";"北京市";"顺义区";"软件和信息技术服务业";"473";"大于等于1百，小于5百";"36543.8526万人民币";"一亿（含）至五十亿";"存续";"航天星图科技（北京）有限公司";"北京市顺义区临空经济核心区机场东路2号（产业园1A-4号1、5、7层）";"91110108784807231Q";"78480723-1";"78480723-1";"中科星图股份有限公司 （曾用名：航天星图科技（北京）有限公司） ，成立于2006年，位于北京市，是一家以从事软件和信息技术服务业为主的企业。企业注册资本36543.8526万人民币，超过了99%的北京市同行，实缴资本16500万人民币，并已于2022年完成了定向增发。";"技术开发、技术转让、技术咨询、技术服务；销售自行开发后的产品、机械设备、计算机、软件及辅助设备、电子产品；货物进出口、技术进出口、代理进出口；计算机信息系统集成服务；制造计算机整机（高污染、高环境风险的生成制造环节除外）。（市场主体依法自主选择经营项目，开展经营活动；依法须经批准的项目，经相关部门批准后依批准的内容开展经营活动；不得从事国家和本市产业政策禁止和限制类项目的经营活动。）";"是";"科创板";"中科星图";"688568";"数字地球平台"
"中科星图空间技术有限公司";"陕西省西安市国家民用航天产业基地航拓路中段汇航广场B座9层";"有限责任公司（自然人投资或控股的法人独资）";"2016-10-13 00:00:00";2016.0;"陕西省";"西安市";"-";"软件和信息技术服务业";"125";"大于等于1百，小于5百";"11000万人民币";"一亿（含）至五十亿";"存续";"西安中科星图空间数据技术有限公司";"陕西省西安市国家民用航天产业基地航拓路中段汇航广场B座9层";"91610138MA6TYWRRXN";"MA6TYWRR-X";"MA6TYWRR-X";"中科星图空间技术有限公司 （曾用名：西安中科星图空间数据技术有限公司） ，成立于2016年，位于陕西省西安市，是一家以从事软件和信息技术服务业为主的企业。企业注册资本11000万人民币，超过了99%的陕西省同行，实缴资本11000万人民币。";"一般项目：软件开发；大数据服务；信息系统集成服务；信息技术咨询服务；信息系统运行维护服务；软件外包服务；地理遥感信息服务；卫星遥感数据处理；卫星遥感应用系统集成；卫星导航多模增强应用服务系统集成；卫星技术综合应用系统集成；网络与信息安全软件开发；数据处理和存储支持服务；物联网技术服务；智能水务系统开发；人工智能基础软件开发；人工智能应用软件开发；人工智能理论与算法软件开发；人工智能公共数据平台；人工智能公共服务平台技术咨询服务；人工智能基础资源与技术平台；人工智能通用应用系统；人工智能行业应用系统集成服务。（除依法须经批准的项目外，凭营业执照依法自主开展经营活动）许可项目：测绘服务；检验检测服务。（依法须经批准的项目，经相关部门批准后方可开展经营活动，具体经营项目以审批结果为准）";"否";"-";"星图空间";"-";"卫星遥感应用"
"珠海壁仞集成电路有限公司";"珠海市横琴新区环岛北路2515号2单元1701房";"有限责任公司（外商投资企业法人独资）";"2020-07-03 00:00:00";2020.0;"广东省";"珠海市";"香洲区";"软件和信息技术服务业";"37";"1百以下";"50000万";"一亿（含）至五十亿";"存续";"珠海璧仞集成电路有限公司";"广东横琴粤澳合作区横琴国际科技创新中心7栋17层";"91440400MA54Y0NX16";"MA54Y0NX-1";"MA54Y0NX-1";"珠海壁仞集成电路有限公司 （曾用名：珠海璧仞集成电路有限公司） ，成立于2020年，位于广东省珠海市，是一家以从事软件和信息技术服务业为主的企业。企业注册资本50000万，超过了99%的广东省同行，实缴资本22720万。";"一般项目：集成电路芯片设计及服务；集成电路设计；集成电路芯片及产品销售；信息系统集成服务；软件开发；人工智能行业应用系统集成服务；智能控制系统集成；软件销售；计算机软硬件及辅助设备批发；国内贸易代理；进出口代理；非居住房地产租赁；信息技术咨询服务；计算机系统服务；技术进出口；货物进出口。（除依法须经批准的项目外，凭营业执照依法自主开展经营活动）";"否";"-";"珠海壁仞";"-";"GPU芯片"
"珠海欧比特宇航科技股份有限公司";"珠海市唐家东岸白沙路1号欧比特科技园";"其他股份有限公司（上市）";"2000-03-20 00:00:00";2000.0;"广东省";"珠海市";"香洲区";"计算机、通信和其他电子设备制造业";"182";"大于等于1百，小于5百";"69687.4323万人民币";"一亿（含）至五十亿";"存续";"珠海欧比特控制工程股份有限公司，欧比特（珠海）软件工程有限公司，珠海欧比特宇航科技股份有限公司";"珠海市高新区唐家湾镇东岸白沙路1号";"91440400721169041N";"72116904-1";"72116904-1";"珠海航宇微科技股份有限公司 （曾用名：珠海欧比特宇航科技股份有限公司） ，成立于2000年，珠海格力集团成员，位于广东省珠海市，是一家以从事计算机、通信和其他电子设备制造业为主的企业。企业注册资本69687.4323万人民币，超过了99%的广东省同行，并已于2022年完成了股权转让，交易金额4.72亿人民币。";"一般项目：集成电路制造；集成电路设计；集成电路芯片设计及服务；集成电路芯片及产品制造；智能基础制造装备销售；智能无人飞行器制造；移动终端设备制造；人工智能通用应用系统；人工智能行业应用系统集成服务；人工智能公共数据平台；人工智能基础资源与技术平台；人工智能双创服务平台；人工智能硬件销售；人工智能基础软件开发；人工智能应用软件开发；人工智能理论与算法软件开发；智能机器人的研发；大数据服务；软件开发；信息系统集成服务；智能控制系统集成；卫星通信服务；卫星导航服务；卫星导航多模增强应用服务系统集成；卫星遥感应用系统集成；卫星技术综合应用系统集成；卫星遥感数据处理；信息系统运行维护服务；数据处理和存储支持服务；通信设备制造；通讯设备销售；地理遥感信息服务；互联网数据服务；信息技术咨询服务；信息咨询服务（不含许可类信息咨询服务）；环境保护监测；生态资源监测；海洋水质与生态环境监测仪器设备销售；地质勘查技术服务；导航、测绘、气象及海洋专用仪器制造；计算机软硬件及辅助设备零售；计算机软硬件及辅助设备批发；技术服务、技术开发、技术咨询、技术交流、技术转让、技术推广。（除依法须经批准的项目外，凭营业执照依法自主开展经营活动）许可项目：测绘服务。（依法须经批准的项目，经相关部门批准后方可开展经营活动，具体经营项目以相关部门批准文件或许可证件为准）";"是";"A股";"航宇微";"300053";"嵌入式SOC芯片"
"";"";"";"";0.0;"";"";"";"";"";"";"";"";"";"";"";"";"";"";"";"";"";"";"";"";""
